date,open,high,low,close,volume,daily_return,ma5,ma20,volatility20,target,emb_0,emb_1,emb_2,emb_3,emb_4,emb_5,emb_6,emb_7
2025-05-20,-1.088700478049492,-1.1354063168704245,-1.113674386280643,-1.1158135804992937,-0.43245545503224553,-0.8229092593211669,-0.9830135571696681,-1.0178888491202465,1.6781914944992566,-0.0233291443951486,0.815281742817999,-1.730205113437216,0.1912661444255222,0.03698781175157322,-0.10345250210172252,2.5899056695786102,0.957518167322828,0.7509842136188629
2025-05-21,-1.175613397855029,-1.184847630741549,-1.26455123940496,-1.2809569350099757,0.3820508398920151,-1.8823394586807232,-1.0545396630600115,-1.0219320112837396,1.6872074129104593,-0.0036188576331059,0.42201102954574166,-0.5925437936641624,1.1013173877856026,2.6081543789618613,4.508930311921482,1.69179634278779,-2.660061168811714,-3.524700238787132
2025-05-22,-1.3306659682271913,-1.3331704753400269,-1.2998266502856206,-1.3062308484220575,-0.2255640731170171,-0.4003546239270837,-1.1250181922836027,-1.034081259560748,1.5592323351717137,-0.0307109504895662,1.5970792649705687,0.7683071009235941,0.36951581151797264,-0.466310796217052,-0.22056297731798166,0.706853881794963,-0.07663905542746045,0.011234912144294317
2025-05-23,-1.5754113016410345,-1.5077681452956722,-1.517758495040216,-1.5170725244306273,1.3186658337520172,-2.437365614164476,-1.2367076755799606,-1.058851527367823,1.8157261527866948,0.024983548541691,1.3387548464170456,0.5041696270771877,0.4531901168645705,-1.6784113094253292,-0.21648323284717946,1.8421165654010294,0.5419084634403963,-0.21348366238291505
2025-05-27,-1.4144492254839152,-1.4026633102580144,-1.3791063151475071,-1.3460442697720412,0.2396028732537403,1.750214401285814,-1.2965687870406868,-1.0762622409079103,2.0543520909036066,0.0010482873230302,0.41401568345812145,-0.4989379006673317,-0.11764368135249302,0.3713837159777459,-1.2200028609336881,1.0450472566002864,0.7542313626668304,-2.786753336416485
2025-05-28,-1.3348375543466608,-1.333861516087688,-1.2928411304998824,-1.3387742508607101,-0.2939155125188945,-0.04943948351875489,-1.341552043416028,-1.095221301462879,2.0400465348103634,-0.0023477932989866,0.6972215511559366,-0.5811541895207674,0.3620981372740053,-1.2264291319132554,3.5041458946476474,1.2225507427861784,-2.3143900365148964,-2.808946322414699
2025-05-29,-1.2308894731335405,-1.2965212338464185,-1.3413868610065716,-1.3550459520800364,0.0012377658735710198,-0.30478533617889186,-1.3564998153439531,-1.1173511351468413,2.014795908791235,0.0044910669006336,0.21379031742053797,1.2064127268555955,0.5513077672325727,-0.8310001227876611,1.3511723001022558,0.6467947541654432,-1.9408354908647671,-0.462022760303657
2025-05-30,-1.3772507327510464,-1.3604828528894064,-1.4018073597381338,-1.3238866086352903,0.9476959127664234,0.2094175886793673,-1.360061939492961,-1.1393347702508334,2.017746086387491,0.0042230385921995,0.5221621455406382,-0.17564929612438376,0.3627582771657499,0.9398915429148775,-1.8945247493368793,1.1996777104683358,0.4843901836343086,-2.11241119968415
2025-06-02,-1.345614380947291,-1.3546053359952537,-1.285157276711929,-1.2944589285872081,-0.7771266151671988,0.1892649702431431,-1.3151487068666465,-1.1454319162019198,1.5903976070002535,0.0077536722625899,-1.292117151515623,0.2533640583786564,1.4177773365464117,-0.31664874724955183,0.6762320497870195,0.3954126495381966,-0.25051475902227494,-0.22352191233782068
2025-06-03,-1.3084159328490996,-1.2979044395349066,-1.2558201384812724,-1.2401038797602801,-0.24314530883113797,0.4547276507083202,-1.2937747860012414,-1.1370636552137297,1.2378499071843747,-0.0022162034879448,-0.9693464118771284,0.608956988754677,1.9421528969010815,-0.31122804960018957,0.8170574415703676,1.0577019578536908,0.0384092380306912,-0.1543461714515239
2025-06-04,-1.254182212149883,-1.2125063315241666,-1.216005138606486,-1.255683021597893,-0.37849353588086676,-0.2948913094340555,-1.2770107797645684,-1.1288224934252316,1.238581191988751,-0.0108564388294812,0.12249756743994783,-0.5975378210979607,-0.7175847510224508,-0.48413379208767193,0.08551552879598318,-2.2098899611134795,-1.4980817429785267,0.46923247483592506
2025-06-05,-1.2336706341535688,-1.264021477193193,-1.2841094249293947,-1.3315031721798594,0.18296088768252605,-0.9445367407485386,-1.2722609245442675,-1.1204604424956583,1.2331011219486,0.0162652456590958,0.031541716756872444,0.9423434449058526,0.4300920012540127,1.5437255484944516,-1.356306126315665,-1.4314567957545485,-0.3233551012294972,1.444919840973378
2025-06-06,-1.2510536371413126,-1.2311767443294581,-1.2177516607819234,-1.2176002038750535,-0.23212779942159603,1.0946991968253388,-1.250817193742809,-1.1083986870444973,1.3063283868176632,-0.0121864866279259,-0.889545395847542,-0.40280145421976155,-0.48731567905175,-1.088309648307305,-0.5790755931406543,0.5617157591818284,0.7188323840669304,-0.9797482469491752
2025-06-09,-1.2027297133320582,-1.2208039542787061,-1.288649322349117,-1.3031140662619662,1.047233579599114,-1.044540900535214,-1.252563404302529,-1.1026640981155926,1.3665452161992777,0.0060377266362993,-0.30254483509828123,-1.4521857495536936,-0.04487588488579916,-0.3453225446865078,-0.6448770817675561,-0.04410460844848809,1.7643341273683097,-1.1297288039989106
2025-06-10,-1.3344899001479436,-1.2778516151352677,-1.2694411073580665,-1.2608769520183654,0.16086252183897334,0.32570845245283236,-1.2567544593149407,-1.1173071127313128,-0.28575319759523504,-0.0193803098241953,0.003546541101980829,-1.3682168288373953,-0.2491613135667376,-0.8635600525007588,-1.0078860541704018,0.49511737121606175,1.3619539183936547,-1.636406669131144
2025-06-11,-1.2336710835813023,-1.272665427265903,-1.3448793957881424,-1.3955529925812544,0.46869495082127877,-1.5854329235422566,-1.2849738163600963,-1.142824133187002,-0.224017657776381,0.0021106894117195,-1.1460805180400446,-0.6159460178029337,-0.6642998257638738,-0.9236540087667795,-0.9595281893271481,0.7309139348149707,0.06068383083726362,-0.09707299909508646
2025-06-12,-1.387332406707251,-1.439312098512896,-1.3815507056717857,-1.3810118949890715,-0.36384575468445673,0.030440824812434594,-1.2949624101660466,-1.1665017618806341,-0.20842665897292117,-0.0139013814092165,-1.2671577638709508,1.1539441239248396,-2.4382546352058005,0.9671670314837308,1.305732947046182,-0.22782229077902713,1.6014012946713982,-0.13756515299622515
2025-06-13,-1.3647351909325074,-1.4154558277942637,-1.4395265640840145,-1.476219999065693,0.0036985541317836146,-1.1734810874413248,-1.347140045494919,-1.19355161800479,-0.15081894167338444,0.0099780321319714,-0.8657345404525084,-0.4612390173450982,-0.9110330433288459,-0.8145458732297929,-0.8030182026663837,0.4683491161871832,-0.13962281941919918,-0.5549537378904642
2025-06-16,-1.4492142544515847,-1.473540067916848,-1.4094910266878866,-1.4080164120282956,-0.40691685847523124,0.6219737001065552,-1.3683045365521653,-1.2167062769620978,-0.06137398321807473,-0.0141098119637435,0.8238529757698959,1.9476319452931745,-0.792826047740961,0.5282322877758246,0.3305341933835129,0.6733650500373592,0.4874788102182533,-0.31036209978198676
2025-06-17,-1.4526913691700196,-1.4839127687576597,-1.4566401360484285,-1.5042636201198687,-0.6098466149371392,-1.1891526463910989,-1.4174088241908902,-1.2404019562261104,-0.0384798752591315,0.0047932421314531,-0.35407100257895147,-1.115309659304005,0.8776506228484863,-0.41939340837198225,0.6056884368407398,-0.7947511284400437,-0.10576393709564665,-0.7418061239987657
2025-06-18,-1.4964952316804312,-1.5122632280088024,-1.4615296971448075,-1.4717196877964558,-0.29123544609905894,0.2321376594180169,-1.4327757764545972,-1.2589401404084177,-0.02885164967019389,0.0222354125239775,0.9923296050723537,-0.2452935800682951,0.7095694045956792,2.6804270330304845,2.5031642758032198,-0.11528024614041771,-1.5915345201987128,-0.6831488831036528
2025-06-20,-1.4165355328207359,-1.369473056545389,-1.3990138951890145,-1.3186942678690998,2.2143245398688967,1.5435864637392784,-1.4202029321368235,-1.2609057757620898,0.0107367681921003,0.0024845808381479,-0.6115695113724832,-0.24167824149469283,0.14163973151957698,0.630536198073022,0.6117394135602331,-0.5239296222380969,-0.18384781141364545,-0.588619129809356
2025-06-23,-1.298681182352238,-1.3487276936230852,-1.3256699943548271,-1.3013829327500637,0.21649582786672225,0.05855312122398971,-1.384928816010243,-1.260653260978598,0.007988717095860237,-0.0059731684073722,-0.3879340654395272,-1.1199601686678242,-0.9302111848151768,-0.026481919585029483,-0.1546848155193667,0.9301624165318437,-0.684614958910486,0.4553915088473391
2025-06-24,-1.2653073163474993,-1.3093136666225604,-1.2823633847374525,-1.3429285473814707,0.13120636869148453,-0.5773714733459788,-1.3717970645780933,-1.2515825733601882,-0.49817535982932376,0.0062708733249147,-0.7753588668263912,-0.49641880523511817,1.4163277410247745,-0.6206990915336689,0.24040297115908382,0.4263185487225429,0.8222417038579869,0.5748029281316389
2025-06-25,-1.3049392108923943,-1.3013615154878517,-1.26769458265381,-1.2993057844896814,-0.577222897335687,0.34323837786550776,-1.3304459561007858,-1.2491480923810716,-0.8395727588300388,-0.0027822857556903,-0.7866796365990381,0.72956342430044,-0.48069968973500954,0.008520817826822681,-0.8423769914304771,-0.17009090666734406,-1.596356087183529,0.570156535921655
2025-06-26,-1.3056353761606325,-1.336973412235629,-1.3082081365086264,-1.3186942678690998,-0.027887246837986757,-0.33745412681717696,-1.2995724317012665,-1.2481021805086876,-0.834039936323615,0.000398008894982,-0.17360585884737909,-1.354636629540494,-0.3084751007878604,0.10606394733524313,-0.8581834362031885,0.6841812968905375,1.0451209317876122,-0.6084713353210768
2025-06-27,-1.2896427219194864,-1.316919944021522,-1.2893482755601793,-1.3159240303422466,1.0631190641966843,-0.0983328750949104,-1.2990135245868906,-1.2460644256742777,-0.8382942812313721,0.0201360617669745,-1.1131469015895066,0.19220182294503071,1.5454844983074854,-0.04278929699290381,0.6854547824625047,-0.1810780681851983,0.5270549536453378,-0.4647583475684408
2025-06-30,-1.2854709776464055,-1.1727463113827648,-1.3151930211539269,-1.1743234557317417,1.9755208761654817,1.385739648912695,-1.2733787387730204,-1.2382740865411037,-0.6099046664170924,0.0128334526422644,0.34712047272175667,-2.490928771721157,0.02200932253347819,2.730689020887766,0.1592538042059865,2.4955881862895506,0.2822042309071752,2.0666816839295055
2025-07-01,-1.1234656269578893,-1.075939057433695,-1.074907445787636,-1.082577088794167,1.336013172760407,0.8366681865027625,-1.2208517330444186,-1.2272377359687605,-0.5354922876939503,0.0219872207372053,-1.4475569339728436,-0.6361184156321935,1.2960446103206391,0.13242998420129815,0.5752934099563869,-1.1504934825719182,1.6640929670758826,-0.36831334646659636
2025-07-02,-1.0455918755022695,-0.9670313865590644,-1.005057243618393,-0.9226276647039565,0.8074504734404497,1.5249253215373733,-1.1448553323974486,-1.2107012606806253,-0.32437711892625565,0.0052114546359404,0.5628647289116371,-1.3230981554408314,-0.9362181914493184,-1.3014863099454408,0.8315998129841198,-0.8632524207273222,-0.7987760660789449,0.16129291529979234
2025-07-03,-0.9329529841791753,-0.9217391572268646,-0.8768814111329346,-0.8841977724631188,-0.7999071797358006,0.26358238657176253,-1.057193830414375,-1.1913516012387857,-0.33171136868872775,-0.0170016751069727,1.033144496153992,-1.193101484362986,-0.34550922720367994,-2.03920214119665,1.3925521109547627,-1.6211211662653087,0.1072830131710334,0.08440277530119102
2025-07-07,-0.9145279479202854,-0.8671125884642737,-0.9820065200975095,-1.0088346163573432,-0.05566735349159072,-1.4065871958823775,-0.9952372449006868,-1.17454467099782,-0.22243368587171175,0.0002857975997366,1.0219817008096386,-0.7912603202009691,-0.6591820464527278,-1.9839927253261254,1.1326339561350243,-1.811133892679728,-0.13456708155673572,0.10102487958536563
2025-07-08,-1.0042208939913366,-1.0330674049168365,-0.9942300641659487,-1.0067569382122026,-0.4152884114011901,-0.10676986233154417,-0.9614299926831267,-1.1635624169360952,-0.33375665095716955,0.0053662714159131,-0.5128972724636987,-0.15454151238469044,0.9092821847320697,0.4501481728261993,-0.5046036731913544,-0.06311480618029545,-1.2616677503800424,-0.5452993044754102
2025-07-09,-1.024037419031096,-1.0365246624917526,-1.0371880997076783,-0.9676350164744117,-0.1277660130332017,0.2752228118408038,-0.9382399444154602,-1.146088222796812,-0.4387117663130539,0.0059969334396774,-1.1765002722544682,-0.7013978619751438,-0.5973697290287163,-0.9170629026760205,-0.9048156774639856,0.6211016298804466,0.20947391063760507,-0.20124165916970702
2025-07-10,-0.9899680460855096,-0.9621910286283588,-0.9390485967008907,-0.9236662388341467,-0.33758110377006884,0.3226412774550946,-0.9384494811301077,-1.1285238310061514,-0.4388827557566549,-0.0059022679350206,0.0513512047755091,1.6734822768702384,-1.917417458573884,-0.028834695865214983,0.952183726044657,-0.3003674485071935,1.143252740864495,0.5549785957352772
2025-07-11,-0.9878819793400323,-1.008865898399852,-0.9449861027433465,-0.9669429869774585,-0.565523189201096,-0.5720405805958902,-0.9551436774307275,-1.106198697878753,-0.684243627551259,-0.0121016943349271,0.7663438009132553,0.8381620789169032,1.9946678002151337,1.7009604491408676,-0.4850658537529274,-0.7966399190446158,0.9954213784813826,1.1405863891203056
2025-07-14,-1.0101316203447128,-1.051045702235879,-1.0260123305163455,-1.0548805422579877,-0.6106311434709455,-1.0381655040813074,-0.9644336373437064,-1.089211399935294,-0.5524745941690378,0.0023460715289745,-1.091964980932066,0.305220380397118,0.4944931156250978,0.1780781977950485,0.9933454478548014,-0.31823500624212636,0.5101155392416088,0.653690204905898
2025-07-15,-1.0348143047987224,-1.0171630991153737,-0.9778151392692754,-1.0379157517721895,-0.4422157696484828,0.04813882851758015,-0.9707200595025942,-1.0663813200416925,-0.720498949371297,0.0050087134979031,0.6775659857169498,-1.8468237135643881,-0.2535359057652567,2.159505245190362,1.1832592470977776,2.119556017950717,0.029067726103625565,-1.3763968021337474
2025-07-16,-0.9972680764920276,-0.9995306726107366,-0.9875942809813063,-1.0015635376764915,-0.18911029695921824,0.24833860571868105,-0.9775652818693704,-1.0452102918079156,-0.7486119674012831,-0.0006664390568958,-0.9403050489024554,-0.9564456786006994,-0.6059140726954061,-0.5518715501654508,-0.7783303958125779,1.4348000789412865,0.1586465586726684,-0.2840732623691014
2025-07-17,-0.9878818013620615,-1.0202752037391718,-0.9544158807273124,-1.0064109234637268,-0.16096472670290946,-0.17836700859647622,-0.9942593712635024,-1.0192784946371403,-0.9347968616645188,0.0055080773836711,0.06912814250808547,-2.0621232189521583,-0.5372290717927872,2.456154738117606,1.2294148262028934,0.8487570262704378,0.5860760513096495,2.2230206785030893
2025-07-18,-0.9774523621869247,-1.0206209422948247,-0.9505737470479998,-0.966250427595745,-0.11679235925598436,0.2858849750164116,-0.9941196444849092,-0.9929499713216599,-0.9332643676852682,0.0061369925927967,-1.1227412978271278,-0.6701144678413045,1.4608910583463914,-0.1936265919108582,0.8268283397017107,1.269116871483593,2.0950803979656967,1.0740888056570799
2025-07-21,-0.9346912089833689,-0.8826707645190476,-0.8831680897011699,-0.9212430758252906,0.0002924333545744983,0.33317210044093576,-0.9671577215406119,-0.9722478163135851,-1.1842733676867607,0.008995608062564,-1.0378917737252114,-0.7624996925149876,0.9100371924897684,-1.0839902902200194,0.958053916333337,-0.5817859086655887,2.0914908742658334,-0.6641567222084632
2025-07-22,-0.8985353621157226,-0.9113668512302349,-0.8622128860344994,-0.8547700924150367,-0.24204891802302345,0.548106810713423,-0.9302073116968522,-0.9489849643350412,-1.1572744234323626,-0.0011667041677289,0.44291542240549836,-2.1410355937258085,-0.5734259756698196,1.9665059682060508,-0.06720247639735885,1.7174124942870483,1.4806870295622518,0.9202383752017588
2025-07-23,-0.8338721306932758,-0.9044519998890397,-0.8559259147602971,-0.8634252300897949,-0.21353301131597374,-0.21598113956075696,-0.9023373250514248,-0.924008936585794,-1.2058353592869353,-0.0018229212418735,1.3136617954359417,-0.47837832193050644,0.4223158632995704,-0.819552695104241,0.616528464405867,-2.286924422979016,0.44010949540599725,0.7810177760200508
2025-07-24,-0.8721147547645717,-0.8857825651222713,-0.8168106685721808,-0.8769282834365479,-0.2606388332806097,-0.2653210484078221,-0.8762136558722053,-0.9020084377226251,-1.1947151782506873,0.0005613299242606,-0.09124745896036512,-0.6443393214386981,0.32591473405690136,-1.0345907227274775,-0.26514126838550084,1.3070959047825343,-0.2070315927889332,-0.010067537171593468
2025-07-25,-0.8443021249797954,-0.9013403007635336,-0.8213506568191903,-0.8727729271462668,-0.5410127635796914,-0.08605302896637258,-0.8573541755825704,-0.8787816040840579,-1.2154646830952787,0.0007945711497307,-0.9979340631413318,0.11440799551388026,1.951457818104454,-0.666534758603395,1.1814562345152415,-0.4853325223522414,-0.0687042766576068,-0.4935256474336201
2025-07-28,-0.8675942401759293,-0.9148237155472985,-0.8332246753340871,-0.8668869672288431,-0.6584873840331354,-0.06851599547928496,-0.8463876012329483,-0.8553924809136365,-1.2169717793553942,-0.0130727429705193,-0.3193158656534743,1.2452253740757013,-1.9380343587292639,-0.27006111627189733,0.6333345237243155,0.12809024377791378,1.258945552448208,0.4833824769760085
2025-07-29,-0.862380081938587,-0.9162073622245883,-0.9114572017113571,-0.9631341753204141,0.001963820230944637,-1.111177092858756,-0.8682505123701897,-0.8443922038817913,-1.2797536214227976,-0.0105635130005587,-0.8266383958966842,-0.8532819070240341,0.8418734502507519,-0.630929348188137,0.04765775258019913,-0.6977745556137765,1.812215134856484,-1.0204296200193452
2025-07-30,-0.9416446381543815,-0.9998765966558484,-1.019725782508188,-1.039993429917329,-0.2854952311125749,-0.9225121176970476,-0.9038738919900109,-0.8421741365454077,-1.289014400152491,-0.0071047507139677,-0.8191113958434585,1.125485298221971,-0.038476242887647484,0.4855848079254533,-1.0074944165173774,0.3161145269563044,-1.514622733746021,-0.023108694403685914
2025-07-31,-1.0601927667470503,-1.0880400123145098,-1.0392834232748074,-1.0912322264689263,1.4290602060090594,-0.6624533312558065,-0.9471106170861707,-0.8509562910403488,-1.677322577827288,-0.0253215174404655,-0.07313355042706265,0.42095738055518916,-1.571989694728544,0.380225741907981,0.6868218555697716,0.5801271437209283,0.346789469837681,0.9076576855767553
2025-08-01,-0.9774521755294924,-0.9587329941164843,-1.2369602045063783,-1.270916148687031,2.5856842886973754,-2.032142791020753,-1.027437692617659,-0.8710994027715993,-1.2592720517036502,0.0047815093656615,1.3974701374428717,1.2439687742963998,1.162110798902015,-0.8366366270910857,-0.2957044353995234,0.8291333305537314,0.04742802175198789,-0.4682850449329114
2025-08-04,-1.1985581980612234,-1.1558047846784427,-1.2306739963593736,-1.237333642233427,1.156711856425376,0.23125549158439856,-1.1021768729767438,-0.8830012975138327,-1.395965910007444,-0.0021168961182062,1.5379630792730625,0.9895175533344769,0.5616552663042259,-1.4031815003529104,0.062405566735170157,1.561773113613248,0.17468538721955673,-0.5016490704837268
2025-08-05,-1.237147725338573,-1.2436233138252166,-1.213909774606641,-1.2522212844588467,-0.351639270354115,-0.28742454765079745,-1.160501417498884,-0.8957868697971157,-1.3988709415956184,0.0496534461837829,1.5383904778017528,0.9683478073004254,0.5009187637991709,-1.4240370769015374,0.14880541429388372,1.5151666833194848,0.1085031855570025,-0.46682741194715593
2025-08-06,-1.1596207587890692,-0.8964995669327241,-1.0941160980736913,-0.8945840436497817,2.7829664142854846,3.605104419979575,-1.1311644600379487,-0.8919818426813846,0.1190691626842101,0.031298640572292,1.5334800185961512,1.7619479692648927,-0.6580421185343805,-0.09846606998847746,1.0109626997855967,0.6099418404721606,0.9112861816245912,-0.316645616616565
2025-08-07,-0.6989839245007629,-0.7073802432856277,-0.7102883200297379,-0.6598530431077948,1.893267201316712,2.2250360379474987,-1.0441318889182787,-0.8782405285768364,0.5280280563200783,0.0414853573920177,1.0342030296949347,0.46473769064219406,0.18767268345895785,1.192903882263749,-1.9451675383263725,-1.8433020721262219,0.2626445316747961,-1.4573146073017287
2025-08-08,-0.6311920853834445,-0.3564542980753538,-0.6170380315355461,-0.33718342751576014,3.0446822094544754,2.990958930141826,-0.8557473710819825,-0.8454380605536554,1.1052757505347073,-0.0083723764726163,0.30600557799966427,-1.621429582612441,0.10892747359279166,1.1160389539718496,-1.6518522519891774,-1.0670468246136826,0.8075663208029216,-2.131809952634594
2025-08-11,-0.37571529181076885,-0.3972335245429097,-0.4156916410231075,-0.40338563981349923,0.5084671364916376,-0.7577640780318524,-0.6874948414508567,-0.811503457444227,1.0635262389467672,0.0108137583713643,0.8495918437559845,-0.3901913764282908,-0.9059184121536474,-1.7647337022997711,0.8355390164856096,-1.7349332006819664,-0.3649849101808002,0.06831035374278215
2025-08-12,-0.3725830369236117,-0.3543129433029939,-0.3349224195049805,-0.31777427863069097,0.20733000071088484,0.6848106150504355,-0.4989662136699971,-0.773993240584508,1.0770045928448388,0.0158974373616645,-1.1832459805515896,0.7221003607386673,1.0057205467364245,0.28366691111749753,0.4247082551496209,-0.34325626049326174,-0.4524593930302768,0.4167154100059686
2025-08-13,-0.2660802845450361,-0.20893701063409606,-0.21744061404397938,-0.19022306855481047,0.9018229213549118,1.0670442811221614,-0.3568584137960428,-0.731732715286527,1.1227030917951661,-0.0023600096138849,-1.0817093229958068,-0.0083976008885588,1.126021173811499,-0.43146353097129586,0.706505544922018,0.16008644799140676,0.9884464346378986,0.36472868263938707
2025-08-14,-0.16201536286257695,-0.20478389568082916,-0.2027552100900836,-0.20928673257616331,0.026552211420926324,-0.305703861293946,-0.26595475877974667,-0.6902126773780225,1.1314819072480495,-0.0051252692600259,0.1497403863049314,-0.49804873618114565,1.3472504944913217,-0.5187700881884232,-0.533873258810416,-0.515145995370791,2.2377639650352554,0.4734312135891696
2025-08-15,-0.16410374593525456,-0.23385908560869226,-0.2555526657746853,-0.2505329623180013,0.22743049885965108,-0.5136192969855812,-0.24847266166945747,-0.6529328950933797,1.1699905802565909,-0.0030270989818985,-0.993931790057591,0.2455018552977501,2.1520375464479042,-0.1535177293136289,1.0686791456210223,-0.14239628599770374,0.053771847037058465,0.021398029914650625
2025-08-18,-0.2441538954612763,-0.2740101818185884,-0.22862919668997866,-0.274794795837908,-0.6770919178348298,-0.35586124047147194,-0.2225289161079683,-0.619261156865139,1.1900543647323087,-0.0014302917858312,-0.33528215139923784,0.32260775664575597,0.7887046427757741,-1.2653270047431062,0.783980126259818,-0.41709310885904866,1.2214137760258894,0.15971406232240834
2025-08-19,-0.25877181340427424,-0.2826635682976398,-0.25520236605502766,-0.2862328882737677,-0.5832213732680824,-0.23579986961641033,-0.21616530746541926,-0.5896475953421138,1.1913810901448,-0.0199319181695404,0.11495869785363665,1.619911701788831,-1.8451190635554566,-0.05544932694672165,0.9237353546350746,-0.2031640772237429,1.2236963622433024,0.4939639720785827
2025-08-20,-0.304017963570387,-0.36573528024393315,-0.38037673418093776,-0.4439382504041031,-0.4437945724121677,-1.62690746992477,-0.26735341635001975,-0.5677976559000795,1.3831750486592362,-0.0049233485062828,1.1971502679942767,1.1290352815928166,-0.296389043639242,-0.8916982301848552,-0.5591214797387973,0.8279909353033935,-0.4069244800148258,0.2007079323000096
2025-08-21,-0.4331421682884314,-0.5024571474056216,-0.44995665041304533,-0.48241106331052414,-1.0111256507070543,-0.49843719951120197,-0.3224574029493239,-0.5472483235345027,1.3968075214536952,0.0126365578538073,1.802524103258839,0.7596633052391669,1.383726734892612,0.9969801966789651,-1.5258053754440795,0.4809892142305747,-0.16320862997908098,0.3885670242492817
2025-08-22,-0.4366230640898342,-0.41350162304921795,-0.3929640042464883,-0.38328234189243565,-0.4333715504630256,0.8218639832936355,-0.34924015062129854,-0.5217520860749849,1.4291465008009079,-0.0026378418247804,2.5181818222686365,0.5863530992756222,1.3147045807382391,2.6511015156232904,-0.6115089810671899,0.6794779211158833,0.3676720047014159,1.0420296721612101
2025-08-25,-0.4258341692491147,-0.40623303959679374,-0.3642935335544966,-0.4040787290799731,-0.9934908136645367,-0.32659361942502124,-0.3753237298678686,-0.4976456597339223,1.4391322216446758,0.0094202286822618,0.4893099950822409,-2.3898370103684,-0.8720496153508115,1.5466530477257112,0.1311635855891679,1.6484576050854027,0.6180282943587435,2.545648808629766
2025-08-26,-0.4122598649042481,-0.399655879320815,-0.41813860886989307,-0.3295583858150282,0.1561114950038104,0.5800333537674631,-0.38406483187625806,-0.4646444146344816,1.3506191646047356,0.0051327198404097,0.37310435837876504,-0.463215803648054,0.1347582847202313,0.671736725214213,-1.366217008660924,0.7001863334824857,0.05897330387443823,-1.453300130418475
2025-08-27,-0.351699717971614,-0.3508515493423546,-0.29331431212972586,-0.28865870070642513,-0.9800222616928543,0.2576624436326963,-0.3527365272807615,-0.42550942563850414,1.2663849473228341,0.0089407491840595,-0.9495676702393757,0.4936029978954847,0.8946691430748839,-0.9297796389860117,0.5041547050279934,-0.2562077493391096,0.18359864012484184,0.41340253123784276
2025-08-28,-0.2747814183198162,-0.26397193705296745,-0.25555217181122136,-0.2169117742768972,-0.6479279223389836,0.5439820596645532,-0.2991709250303236,-0.37996844377622574,1.213214374475927,-0.001807634315458,0.10142514203349996,0.17842138643117267,1.7950639940153847,1.056608677073459,-0.2817648710069474,-0.8669286768703437,1.7200190282924999,1.2938859046445372
2025-08-29,-0.2159623893843027,-0.2650104848966765,-0.1845737623284286,-0.23146929829664847,-0.5824514632783843,-0.26417164893985523,-0.26854200267320794,-0.3258264755290575,0.8469063706180486,-0.0104794348817349,1.0582765402196896,-1.9056914529774867,-0.6049158714357689,-0.6389878320263187,1.4021941599801147,-0.8065213157104327,0.14743142670348672,0.6922811878580849
2025-09-02,-0.3294248349185032,-0.35258178842088145,-0.33841873308381804,-0.3153474064285119,-0.35551318454278635,-0.916190418853404,-0.250640083788215,-0.27780271223175435,0.9621487515891586,0.0373823332188683,-1.0221114916665937,0.07792744441392993,-0.5095489048518289,0.7087990321072694,1.3942786889750414,-2.0430266674388227,-1.4133143311392593,0.13568874635814224
2025-09-03,-0.052380541210280296,-0.07567591543081198,-0.08002857095284768,-0.01206839375493578,0.7336755541744326,2.682459126224979,-0.18658513774641286,-0.21320651050685688,1.2804656846414924,0.0054782666260822,0.7774466288976832,0.42493687275640685,0.2736599152049672,1.4399025259779674,-2.1000737512999756,-1.2458635391324098,-0.9036996318405687,0.9400913289850329
2025-09-04,-0.009223613643987966,-0.0393327935903809,0.0031875840631476688,0.03333637158574628,-0.18624018946597623,0.2836435519872781,-0.12162127275158433,-0.1648736518919949,0.5521011134546352,-0.0003754133089812,1.1886390977399206,-0.6555379215256961,-0.025691598480263114,-0.7884714306597002,-0.7092850911741114,-0.9916511855567434,-0.8136872646477513,-0.037899497595194544
2025-09-05,0.04472340516107544,0.009818353776103551,0.06437595078799904,0.030216940001853678,0.17050101525430902,-0.15648524958712254,-0.0717620115012056,-0.12892977741701367,0.25611162842651053,-0.0075800451328291,-0.632499168700253,-0.012935866167983971,0.0769447204954771,0.12068625908810997,-1.382426226194585,-0.310849534755831,-1.4037778033246229,-1.1008062377864294
2025-09-08,0.020360515453448268,-0.030679422362462357,-0.010798614242252489,-0.03251823630923534,-0.11557902009500429,-0.6981899559584012,-0.03162279496126734,-0.1130605936274556,-0.4444016751059952,-0.0149506219450665,-1.012951262928338,-0.5350064080719444,-0.04353686763931525,-0.5686614691018044,-1.104786944794407,-0.2748598828879752,-1.4160110282910314,-0.370280739448012
2025-09-09,-0.05969008071558618,-0.07809944956864061,-0.11499376968727484,-0.15486968723228106,0.7281253802613551,-1.2523717997333934,0.0007542622723345055,-0.10011607144384153,-0.3452221624461733,-0.0327912710458059,-1.1991940568128607,0.9616692286575297,1.1645550843008865,0.2575029746298421,0.7003573746176353,0.0669594934382023,-0.36831002700098586,0.4373761229309896
2025-09-10,-0.22709957079299095,-0.2982394340312273,-0.37408318597901224,-0.41690300004877945,1.5626931905500934,-2.593781578731294,-0.08092282837781209,-0.10527941778077478,0.16892975427958942,0.0141852768091865,-0.8884882923708265,1.2281246707760065,-0.3885122193758165,0.2940623149561765,-0.17887488304891863,1.223242478080588,-2.3765905109393994,-0.24744284442040665
2025-09-11,-0.4119116027389494,-0.3664275881409885,-0.3496079262265926,-0.30460293314388637,-0.05666141449094789,0.9383096764931599,-0.14910350956842847,-0.11123715481598025,0.1430152613476801,0.0174104969572098,2.361395300659893,0.7942674111304363,1.1997874477564887,-0.10593545272366457,0.05786753303676313,0.0020142051623305967,-0.034680045151404326,0.09243163553375416
2025-09-12,-0.3304692773747872,-0.2258980819569215,-0.266741034546889,-0.1645745266171958,0.21697823982229264,1.180808804274346,-0.18840351018490298,-0.10890821723308937,0.28821615804195894,0.0111732497989295,1.5962004428341723,0.7012356427317797,0.7185064176807344,-1.5686224288637598,0.3021864356276828,1.7192358559841883,0.4661306746593799,-0.6246549992420116
2025-09-15,-0.05969008644283086,-0.0985211398271317,-0.05660254325571947,-0.07341792141783642,-0.4225684463670705,0.7118401986535281,-0.19665519429550674,-0.09968277495394734,0.3235657804379045,0.0061072481261459,1.7426789661559425,1.3835608128108101,0.08076302345034417,-0.560706185456848,0.02752054618945869,0.41037225129936167,-0.45902440078487017,0.16932617162773092
2025-09-16,-0.053425111106077075,0.006357352062438662,-0.011497176333813421,-0.02315994155755752,0.58716363227408,0.3309356617210685,-0.170082197151153,-0.08657579763691443,0.3254234279374857,0.0035210139688395,0.5011534533299141,0.6527742314839206,1.236505247050668,0.7367231500155741,-0.8150259849069177,-1.2123195578219081,0.2029947613211334,0.8692870685970042
2025-09-17,0.008875162829610313,-0.03240945407981096,0.03780271125927866,0.005955106481946988,-0.2369860289135524,0.13648086527280356,-0.08476878924997683,-0.07135651718180731,0.32256216546133304,-0.0046553926694393,-0.34055937441029793,-0.9363443093620101,-1.478797000344908,1.4945474314165392,-0.1536642033415421,-0.687007829143156,0.06391003755596872,-3.113283141489761
2025-09-18,0.04367949068923394,0.005664584974075335,4.040335013409298e-05,-0.03251823630923534,-0.34703442896003406,-0.478290030097588,-0.029874553178293514,-0.049926764105922554,0.11299933143080444,0.0315305839144645,-0.5249996200052951,-1.4176110117875778,0.4563301403078229,0.25822497285666474,0.05613268322202579,0.06509574856253492,0.35930384323579756,0.44115508134285386
2025-09-19,0.08753303173700465,0.18219233623632894,0.12451572843111255,0.23159434430668557,5.4756145277501025,2.242475485672007,0.0500541887823896,-0.012736158263016465,0.44738405008926735,0.0421929003025901,-1.221492762294097,0.4654560972794754,1.8554001989265096,-0.30180055069875295,0.773529429789645,0.25297754846557624,0.19278435440964778,-0.5351980126421422
2025-09-22,0.3336013922961548,0.5400936753623475,0.40108731053644736,0.5983016225578255,2.6384523600799183,3.04415794627309,0.18557644214664923,0.03839188913568934,0.9996327848894092,-0.0064641058135487,0.7430653584299928,-1.5224360848075937,0.16800308465364214,0.13939236911221545,-0.019501105702777664,0.5091101017846694,0.09334132757945571,0.8098299721784259
2025-09-23,0.5974199916262711,0.5643224623599705,0.5919957700382291,0.5411122201480478,0.43386870590752546,-0.6142842691642503,0.29942073259628915,0.08762432304166043,1.0306398871082887,-0.0083672584920246,1.0073528111291137,-1.5622381263652623,-0.7556218614429047,-0.28459433723295635,0.4704348939901631,-1.749254299520417,-1.4572318499819594,0.9121269244965042
2025-09-24,0.5744487032270742,0.5089414281853363,0.5031845898192746,0.4676320406675731,-0.441855178893814,-0.7573792652834115,0.39256600283336535,0.12914781098272987,1.095611920705387,0.0179115923571242,0.9910062236365412,-1.4570040132081632,-0.7299340407691346,0.080518808881185,0.037595909986069175,-1.277875733452956,-1.2030402689541533,0.6880225873805793
2025-09-25,0.5044915265967289,0.5584383827477609,0.526611257498139,0.6256834175463851,0.1866642521899351,1.218485363342378,0.5253609648061075,0.1767734129217813,1.158584799652359,-0.0055042211276313,-0.6727256360212233,-0.8031080225996019,-0.015926534829421413,-0.9718828990674213,-0.9796973693849308,0.4779045920485224,0.10507650191549256,0.18510516093926693
2025-09-26,0.5354676503054392,0.5733219317042108,0.5989883234335437,0.5768126759885746,-0.25802211388524304,-0.5421120798493131,0.5950102204095369,0.21811636755879268,1.1952012405811006,-0.0040401127374681,-0.10214016284101586,-0.9354759472978078,0.25557774881587136,-0.35917824562902234,-1.498980900452409,1.3775071990408843,0.0012730176739824024,0.9357580884200893
2025-09-29,0.551477748415763,0.4833276062697106,0.5720655499800593,0.5411122201480478,-0.5478883521585785,-0.4320281192833046,0.5834720170735787,0.2583580442008177,1.207956602220668,0.0007858061820065,-0.08395989932757325,0.30479087156674595,-0.5251371421598053,-0.6105948788651974,-0.8399998049614293,0.11620404664921011,-0.5066739362853968,1.047018024471035
2025-09-30,0.5619191817755596,0.5151716903963095,0.57556221454153,0.5480447024670683,-0.6659769514645666,-0.06917501933830787,0.5848706746438507,0.30332979829014367,1.1247014978393182,0.0032151674950933,-0.20281558805039634,-0.183689877192729,0.00396170310529038,0.3322247520340451,-1.3931124301973747,0.8477691476668284,-1.0209068580754739,0.8196654405423973
2025-10-01,0.568183866945777,0.6145121741458289,0.6391980862089804,0.5764661313553376,-0.12949587408600463,0.11348475966932671,0.6068284118351189,0.3339849660449126,0.684640318009625,0.0065550962450013,-0.36508316449137757,0.14105656553256193,0.3091100449106249,0.2653701081097519,-1.629220940496175,0.33445730088299747,-1.5043504210451626,0.5720563973953887
2025-10-02,0.6217823299873013,0.5933972575497887,0.6119252575970174,0.6346956975495863,-0.4259453300560633,0.3646086431662083,0.6086466773671213,0.3653081429050326,0.6869623004155108,0.0034553030219053,-1.3689945442392066,0.9349088595260472,0.48214491561778033,0.5702433664346399,1.265030627974435,-0.8167029347943916,-0.15354783725651971,-0.07889346110673998
2025-10-03,0.5553065743144636,0.630087717516284,0.6049328996369354,0.6655434687552755,-0.10797250431070754,0.13154016461180043,0.6265484893456276,0.39840057926522915,0.6803237974715993,-0.0051680260321868,-0.6254500007741285,0.5957560164981119,-2.240827765013696,0.3926404026523854,1.0270009138761216,-0.813078238588399,0.6200943789939772,0.5525425976936309
2025-10-06,0.6708563941729927,0.6242030898152383,0.6433934855432494,0.6194445543785999,-0.32683647385054654,-0.5168341100773671,0.6423523684219706,0.43235955340469634,0.6596140853177609,-0.0008183005676312,-0.9962591719184839,-0.8063953614875392,-0.4411222327201264,-0.7872150220572823,-0.6051454259609408,0.15713961810942026,-0.27584753155998076,0.820727237876477
2025-10-07,0.6297882677030079,0.5663994832522201,0.6566807324186527,0.6121671170806235,-0.9460926208177369,-0.1897852319135537,0.6552893362346865,0.4723124209206474,0.5123313508528827,0.0061414329738929,-1.123916810621852,0.8017701884069054,-0.8110638046951507,-0.02934532182127786,-0.46420041130388257,0.007623551033035898,-1.659996419422977,0.24828808848942796
2025-10-08,0.6196951731219963,0.605166664947169,0.6804570948636173,0.6669307070577437,-0.7248117186520099,0.33350596557057804,0.67354094623887,0.528766380190746,-0.19244316561895622,-0.0157005285631472,-1.1822251053686288,-0.3537569076989651,-0.6788970662002465,-0.8808947287070807,-0.7527727779568479,0.5365486359949218,0.33909198253703704,-0.4113572934322488
2025-10-09,0.664592155868025,0.5871669930174459,0.5766108192038562,0.5275943300280064,-0.635877369145796,-1.3087560750559213,0.6519327932603055,0.5721132793430318,0.006864454363273158,-0.0351320102409498,-1.1822251053686288,-0.3537569076989651,-0.6788970662002465,-0.8808947287070807,-0.7527727779568479,0.5365486359949218,0.33909198253703704,-0.4113572934322488
2025-10-10,0.5647036315233517,0.5310940364748268,0.2570324416316902,0.22362275797271577,0.5178717332012421,-2.769778002892765,0.5627734244869625,0.5923334234013945,0.615313211852355,0.0096971889158483,-0.07790581775951311,1.6141922594151579,-2.204747947577477,0.8158058074598057,0.4800848966640331,-0.136234955104947,1.2639403544348926,0.3151083640599983
2025-10-13,0.3711904787372091,0.2995313585747354,0.31157750633306736,0.3064612322048684,-0.6446046399783876,0.6008575493238387,0.49962771811764983,0.6121202985701218,0.6049808394846916,0.000444043533683,0.354636723458875,0.30711429074083346,-0.5268965263668842,-0.11740115544130166,-1.0386269056923154,-1.637820222452674,0.5428378093437984,-2.2299465151165325
2025-10-14,0.27443375850340646,0.27045621153878585,0.2815075640677201,0.31027375305523486,-0.7744611672914715,-0.09487160447759875,0.43871945761612224,0.6294879557037998,0.599346588607064,0.0063165438978583,1.4506426901994618,0.11807967861547618,0.5202202879982105,1.3999848793637586,-1.9532754876255805,-1.0160599208091259,0.37568180417923547,-2.330041865457024
2025-10-15,0.37501924018092964,0.37325797180914144,0.378360736238844,0.3646907983991171,-0.8516665715748782,0.3466722749626959,0.37774128027205267,0.6481735252772819,0.6062594531489714,-0.0076088604385625,1.5599291518150618,1.3143728472357634,0.20207358918614793,-0.9516524361892166,0.30881341557284675,0.7964472674359424,-0.38564600955407474,0.18131264010549977
2025-10-16,0.3318616189099769,0.2770328707282672,0.2965433102148352,0.2991827351373734,-0.5649774302210568,-0.7003565325598095,0.33165827686427307,0.6654509295590614,0.627011036410885,0.0193705675023379,-0.956586139453424,0.7195293148729434,1.0881291198089302,1.3842205123475815,0.06342840593457975,-0.37280948636130234,1.813781334459549,-0.9472436112772818
2025-10-17,0.3238558922932283,0.4272538983707828,0.371367236613448,0.4669384215163389,-0.10839156924180908,1.3281833634573754,0.38074823903373195,0.6777093644666841,0.3715054077051887,0.0386809749453044,-1.2671577638709508,1.1539441239248396,-2.4382546352058005,0.9671670314837308,1.305732947046182,-0.22782229077902713,1.6014012946713982,-0.13756515299622515
2025-10-20,0.5977682142442182,0.8080003500523344,0.6636741870891236,0.8118107384497513,1.9058488949458308,2.7801019138511256,0.48270463502822425,0.6888304754390827,0.24410614541793638,0.0020188933418115,-0.847950261723566,0.716675044588124,1.0553492753385236,-0.3509703365110664,0.6851585885916959,-0.33316364756642053,0.07553704544122844,0.359763339679825
2025-10-21,0.806246567962857,0.8394974991463449,0.8804545952936149,0.8301797235503493,-0.22782994745378712,0.023538825610899792,0.5875978591288805,0.7038872179599892,0.21505902441779318,-0.0165767020589469,0.7865178123033947,-1.5281629804554535,-0.7315185823489797,0.2665161946306099,-0.19978550222154545,-1.5628992285122427,-1.112866643083842,1.2328589345072138
2025-10-22,0.8330464273861116,0.7550418606600563,0.6566805237143372,0.6804480672930249,-0.30972303154788783,-1.3746341543078575,0.6513032209579789,0.7149722277916283,0.3216735362557084,0.004362523603168,0.5339065003373694,-0.7057204828961965,-1.2749558031599255,0.12211399613631209,0.2165520472023377,-1.7228138416861296,-1.5880753866219697,0.744444881447013
2025-10-23,0.7387258319535758,0.6778533572414717,0.7468898369987574,0.7196129096964002,-0.9071536921615452,0.1997526244019271,0.7361267833354247,0.719864760372346,0.19102623793442228,0.0124046405853105,-1.3453012401236455,0.9330277977370866,0.8984435764526183,0.2959321465821278,0.28219414471293963,-0.28972635859199103,-0.205847222865619,1.0229958886608703
2025-10-24,0.7822325369424188,0.7993472054433421,0.787799144020524,0.8319145662555751,-0.639205524354428,0.8044264960069651,0.8097622611220474,0.7331523261939568,0.2331526549457378,0.0225353166354688,-0.8102114387945454,-0.425519784830452,0.14208890089703716,0.03734834055160394,-1.573041775846301,0.5847917679606321,-1.4743190286131829,0.8219358835028843
2025-10-27,0.9106607285001099,0.9720663002190133,0.9790562790228728,1.0395297739586717,-0.3159164214017259,1.5661357726598508,0.8557055377512347,0.7591135452424452,0.408903528168071,0.0007065606505676,-0.5296356022168973,0.3171725398772631,1.2574752227607668,-0.899229156785273,0.7492031957974656,-0.6720438627354228,0.2364168451662651,0.04144198001189494
2025-10-28,1.0537066969382356,0.9987190058941897,1.101433083618614,1.0461151817596939,-0.4793225074431143,-0.07513336369079113,0.8992714279210684,0.7850566861202936,0.40904673410384806,0.0025988547161788,1.7693063807151723,-0.8132624968430691,0.2939250717092983,0.22592075924735325,0.5186912702783275,-0.7377162113891429,-0.7783046480684757,1.0999565532533666
2025-10-29,1.0637999245760383,1.051330363766549,1.0650689590746343,1.070377545164361,-0.01387293588626513,0.06714519075067019,0.9779413459965604,0.8107831925533241,0.4089479686543345,0.006283446827328,0.9990053355599596,-1.0876665777744385,0.3111420455825356,-1.1670280144444611,1.4084512952691934,-0.64992106013422,-1.050138366983734,0.662867568438775
2025-10-30,1.1581198894899936,1.145824858788697,1.1129716701833086,1.1292996707403231,0.9022127491977969,0.34418375933667605,1.06059737934876,0.8365457725268555,0.40803713253762464,-0.0038022623449224,0.9053704502225332,-1.87700880656322,-0.3222338473228518,-0.6853319750480822,1.064321262061547,-0.9267432619187818,-0.5422304625890408,1.6885342364332943
2025-10-31,1.3321434214437018,1.2558955600470936,1.1367483507229055,1.093600274669317,1.695541646557321,-0.41414452991961564,1.1133935756117914,0.8588420909822708,0.425653242960196,-0.0048942150357827,1.3310353597188442,-1.2150226761751166,0.2759989802139037,-0.37763388018415384,0.5677808707852333,-1.1017921850898256,1.4134126419379422,0.7809560436169066
2025-11-03,1.1034781143488193,1.0319475438682666,1.0350002085267094,1.0478479049258784,-0.05734361321599692,-0.49624670061150883,1.1150717936457395,0.8811564600080655,0.4238362631048332,0.0036729050702184,-0.6190691495301626,0.277810575225306,0.2860519469512449,-0.6759955825672272,-0.9854516750147042,1.3061607282664576,-1.3766247770775335,-0.01273222570670562
2025-11-04,1.0307353986950931,1.0540991657859466,1.0829015791887378,1.0821621822334573,-0.1021640694517186,0.14790131346288501,1.1223444281478006,0.9056372286825524,0.41964541920726783,0.000370296057114,-0.9944527147867374,-0.6093631636740332,-0.6007659623052283,-0.996524632705003,-0.9768308744590581,0.7357630163610385,0.07722361975530474,-0.25414978942018734
2025-11-05,1.040480873892084,1.0613689558706347,1.0587759965741612,1.0856286883353472,-0.37463911308433967,-0.10041655890652564,1.1254214106585085,0.9274460713366726,0.41535841915980504,-0.0013707015250657,-0.7910960562829639,1.031588282560265,-0.39123929214027303,-0.11887041444224679,-0.37765819343669754,0.8447101422889329,-1.6939698780610564,0.08808427134324283
2025-11-06,1.0154225572611362,1.120210758289579,1.0923429484881533,1.0728033575970193,-0.00815708513996142,-0.23131937352725382,1.1140230410076313,0.9558445313903298,0.2682005692312041,-0.0048305274235891,-1.3820066033045062,-0.00019154600897853142,-0.6199306031316308,1.1066022503656787,-0.9640420439340606,0.38423943986149095,-0.812595563642793,1.3813494958265151
2025-11-07,1.0818982438789126,1.0817905275132542,1.053181380856283,1.0277451368895751,-0.15320227978145862,-0.4914581312430333,1.1007364889822095,0.9977290859395153,-0.4758024383761239,0.0045384074346724,-1.1237608382834767,0.5707696378659675,-1.590772926776701,0.5339934923127299,-0.4849990431053765,-0.3992302828904887,-0.4462146254422337,-0.6943446623844836
2025-11-10,1.061737781101011,1.1408190811079504,1.0863733860744078,1.0700723315424274,-0.49015972147532183,0.21297704747170448,1.1052203608626938,1.037503517771207,-0.49210742936318624,0.0213711059324486,0.1516663968060684,0.7543907255880022,1.3810838747647491,0.5792590051899363,-0.8143785579175558,-0.9727735588655558,-0.5118990716655101,0.8860687417899121
2025-11-11,1.0913497727835804,1.2163480727524307,1.168269561630537,1.271991278072287,-0.2515899544776378,1.4786006379779748,1.1435191822278048,1.0875967762025196,-0.34660737368843314,-0.0064877918333629,-1.2131429032845642,-0.6518583957997695,-0.7536062068614902,-0.8521658374169705,-0.8331412147714224,0.499857622135553,-0.03310007699232395,-0.3231592269537715
2025-11-12,1.2721610074268088,1.210112406962348,1.234768527603715,1.210236388567755,-0.1448892010319325,-0.6160651829877832,1.1686593117260258,1.131638953517551,-0.27525605211758214,-0.0019032501358421,1.1217812116798846,-1.24093159216294,0.23266827919785538,-0.3916172376156841,-1.0864967346625072,-0.9285834295447635,1.5738076746318257,-1.738728875614145
2025-11-13,1.2411545075982973,1.2437199170868565,1.248417558744569,1.1921959320185436,-0.0861811278934269,-0.27136084905056324,1.192747267578551,1.1781535897701723,-0.33510622601900936,-0.0019804359095259,0.813584923943668,0.002690090028824921,-0.4508223055259766,0.13957794133466883,-1.493583236422181,-1.8217346809985822,0.4672311892269942,-1.5438466003998947
2025-11-14,1.1345488926342364,1.218079989085294,1.1612704536084892,1.1734602666638172,-0.19199502299656845,-0.27716432352250253,1.2221459100825223,1.214954397133761,-0.43772862903023274,-0.0183382659850772,-1.0999880225968854,0.8072866124911641,-0.19174060038357643,1.486270856545018,-0.8803413465364017,-0.4975518195171609,-1.4774456926780637,0.22185371225943304
2025-11-17,1.0568606074381963,1.0285623756033038,1.025825875222007,1.001724615850229,-0.3095768461068059,-1.507083319329728,1.208356469941948,1.2248464961054901,-0.9869679978680009,-7.469497556412872e-05,-0.3716517354995617,-0.1754475571282999,0.08332654449822441,-0.15702277337624573,-1.321785701018017,0.7064175803025109,-1.600630454220866,0.5902502460771913
2025-11-18,1.0976212114665214,1.0361851279989935,1.0114766732408236,1.0010315265837553,-0.27746477754914056,-0.13387472062644182,1.1536891963423046,1.2337457033052937,-0.9869405820367642,0.0041790134909905,1.0030840694110459,1.01276108947881,-0.17932818142998533,-0.8324204691970255,-0.6595270660457563,0.7939187909670626,-0.4186478677921912,0.2138858361584608
2025-11-19,0.9422420619435231,1.0881545784017062,1.0177754583976475,1.0398879760566353,-0.5334257391875389,0.18595479352537572,1.119320685067652,1.2524679536250034,-1.2155453290222935,-0.0086385994690706,1.7173166817496723,1.3753826798987054,0.13497820017848167,-0.5815864870517685,-0.0019162251214504538,0.5545311430198443,-0.38856426870677596,0.050608306539361346
2025-11-20,1.1268847486361124,1.1997175536184654,1.0324756523801646,0.9597450256001343,-0.27033580087237813,-0.7777809579570969,1.0724227335089755,1.2649757844866814,-1.1425244685305962,0.0194894988223489,1.2222327365000996,0.8863779770881939,-0.03226243550582498,2.124833608398441,-1.4490189437760534,-1.772553680304893,1.200265273986696,-1.845143379221939
2025-11-21,0.9568743514870203,1.1269585584507713,1.0237254600383459,1.1415410684727991,0.3732309849467383,1.3371256185732656,1.0659829005411494,1.281103389515481,-0.9968506743600658,0.0161858258260115,-0.7717713123685264,-0.28976426358220736,-0.13669343035208362,-1.2499329759203264,-0.7551614176797616,0.044555069155633654,-0.10265485798592146,-0.3123973048729168
2025-11-24,1.1293239131733825,1.254113508293957,1.2067689431578645,1.2952373225066964,0.6926461737107691,1.08872774701182,1.1252003280432572,1.2944225024348668,-1.1585773639412749,0.0037982021957636,-0.34614101042651246,-0.058382316764416055,-1.1853527102492645,-0.6816253681080721,-0.5677184193488894,0.4813553142581325,-0.3172715712338698,0.7241872998213124
2025-11-25,1.2815671844338332,1.3712200197954971,1.3590138687109177,1.331665840007877,-0.21719252019105822,0.157322203282398,1.191907196403195,1.309296062026705,-1.154838371540446,0.0020918259041709,-1.0847627961336355,0.08512886467887915,1.4719188574880677,-0.5292637203360184,0.7278798618032418,-0.7414645861782615,0.3658114995778931,0.2530446636856298
2025-11-26,1.3404437093190937,1.3417697823970816,1.4073120583424528,1.351787683895551,-0.8741888751975685,0.029022507948008175,1.2548342790064586,1.3239539531828468,-1.1554723304885595,0.0046729521334146,-0.08760494236736983,-0.7085959449531437,-0.7206888736076873,-1.0295976071286923,-0.914474270078255,-0.5369876657837009,0.010563862158315592,-0.8135989446425982
2025-11-28,1.3508956423875407,1.3234068355664204,1.3849121616446207,1.3968904149228605,-1.5220730043766382,0.22309324748135734,1.343030206518372,1.3378920295446397,-1.165055797523169,0.0151262094613095,0.6427148914818303,-0.5448300459358398,-1.6155554162012826,1.8804961321668199,1.1735927803714756,1.7205286071901338,1.193181193778841,1.1041244258050391
2025-12-01,1.3770245477372833,1.4765463322728931,1.3901630258308455,1.5443403874023283,-0.23310236902880896,1.0090568927972972,1.4242966693517012,1.361369859952372,-1.0613420633937152,0.0108556837967431,-0.5058101601667467,-1.142453927677553,-1.018136684512316,2.6082871417104374,1.252768249444841,-0.8842661951893338,-1.3318604814973656,-2.972538313154057
2025-12-02,1.5508668420277882,1.61443953098245,1.6173041684696294,1.6515445525674066,0.1119829831892099,0.6879629205116442,1.4961831570099393,1.3928147815616427,-1.056029864108617,-0.0071536336319996,0.5198209397255495,-1.3950291484023882,-0.5876601512739479,-0.8782069549246676,0.32931553535759117,-0.43330862747241167,-1.355711753190831,0.6980950707590466
2025-12-03,1.6623502913605968,1.6567092068829492,1.6407532689538349,1.5807689049035087,-0.3816755056484169,-0.6661287594256944,1.546440751831124,1.4187858539031375,-0.986398723922048,-0.0122157932793753,1.6278371817059079,-0.761254606375661,-0.46116962297440206,-0.5702008719840823,0.32020622170997204,-1.8772420533328273,-0.22053057608021528,0.4507305253420666
2025-12-04,1.5891889659564506,1.5219329936131003,1.475908759491703,1.4610742961686127,-0.3597281980939822,-1.0467444206326009,1.568489787162345,1.438341797692098,-0.8477477774583636,-0.0068635709838028,0.6418393108243488,-0.1332289860906589,-0.2434386986366927,-0.7383284992753321,0.535257288484504,1.3260916624686865,-1.3648576166779822,-0.04430741457550268
2025-12-05,1.4651649891624872,1.3975513282929475,1.4570093337366092,1.3944614231816401,-0.20005958649625527,-0.6443194143387442,1.5679997278256386,1.4550960942362523,-0.8053013855330525,-0.0031975602189451,0.15509592916683218,1.6068357665499655,-1.8484362301868276,-0.05553962711579382,0.9116599663821381,-0.18459629964780092,1.2464532340418095,0.4583417565139651
2025-12-08,1.3812043381866759,1.346620218970484,1.3905116559876887,1.3635839784293742,-0.6412472476815391,-0.3686779473649959,1.5315313593320565,1.4725890289524286,-0.8174312700310205,-0.0025582890023414,0.11110491310548248,1.5912032470221564,-1.9161322926144237,-0.16320725995567675,0.7522157992466132,-0.1635564188885596,1.3036562075896279,0.35418553645391754
2025-12-09,1.3822497096776065,1.3590928228933083,1.4174616366893442,1.3389506956924964,-0.9345196067320837,-0.32061217035531586,1.4684642292307357,1.4865941739472859,-0.8118718134567908,0.0057558492212865,1.404948515312374,1.6658496791314426,-1.0217325822571859,-0.02872800191544816,0.4488987998980839,0.6204393457525995,0.922301869839796,-0.12873339738701128
2025-12-10,1.3679659039924221,1.3493917776785902,1.4006618702407623,1.3944614231816401,-0.8933440408273382,0.3045145419150623,1.4308759083786586,1.4929733117600992,-1.0774409951998383,-0.0026939160410902,1.3248561475309077,1.6465158858910873,-0.8810108448662314,-0.2570855732273333,0.3512462894891315,0.7994014397140248,0.9131941281738933,-0.08951096677781498
2025-12-11,1.41499781458314,1.3438481903173816,1.3086150315617133,1.368440902142294,-0.8831256784957109,-0.3308097497733555,1.4121867301229172,1.5012137559418255,-1.1064207793116654,0.0008988517870461,-0.7344795275169156,-0.07165882294893307,-0.02858738408801745,-1.400017500678843,-0.403038922149388,-0.09710520517342572,-0.7808729792646277,-0.18127721292499685
2025-12-12,1.3731921587367673,1.331029744925294,1.4139622900871902,1.3771151156684232,-0.5768720522770904,-0.06067530168697145,1.4086870393623554,1.5108456948578979,-1.1120852921104727,-0.0150984459758863,-1.5881944076275927,0.9404151605065597,0.9239426905927705,0.9266854119385757,0.13927328469104988,-0.39177701661357484,-0.19648650243238222,0.9304867023952429
2025-12-15,1.4515774876697556,1.3632502201149717,1.2746661194494509,1.2324396197938918,-0.04689135417863848,-1.263486451414108,1.3822281114397004,1.5139177694552726,-0.943540774274564,0.0018224589395023,-1.6026914453863736,0.8828073025382628,0.9075325476382126,0.9726744011703722,0.13989653258891718,-0.5137067225716435,-0.246747340518278,0.9407383968107167
2025-12-16,1.196213735766796,1.202143178845021,1.2379182020605044,1.2497869870766294,-0.6686911278206545,0.008769238097503324,1.3642389568612618,1.5268386658158846,-1.2041896081064,-0.010138194827446,0.6793386456641278,0.8802988864242869,-0.2543198370219723,-1.2528416626163625,-0.212145631091425,1.0501591959265861,-0.3071832890948795,-0.09142888030277109
2025-12-17,1.2725098050064485,1.2250103495043079,1.2326687624165629,1.1536849674093799,-0.060067535268157,-0.8905331267210268,1.3156612905778178,1.5347899696684069,-1.1126397901177998,0.0012866850997307,0.6903062372414741,1.7035394405360147,-1.175917746814833,0.7491521889118993,-0.2410689148540147,0.8440027432161856,-0.34500755772093705,0.052879591305345704
2025-12-18,1.2237350690917694,1.1373537036072932,1.0685242728945625,1.16582780657644,0.012635357429925987,-0.03151473721879235,1.2747832433057753,1.5413498339871026,-1.1209777782810795,0.0054227268611264,2.245701960631393,0.7611245919513575,1.1958177694089382,-0.4510315238591348,0.2703470261724684,0.2044148183142485,0.1778828128066223,0.11572701259781265
2025-12-19,1.1728718412882713,1.1709614942347388,1.171770280770509,1.2171757593886583,4.544447377994421,0.27946760617867705,1.242514803063029,1.5547587029536962,-1.1752599433827984,-0.0099150115009593,-0.12695411295378595,0.9239049901325395,-0.634297060986627,-0.043938205394045284,-0.8723625644891254,-0.9394674711885603,0.22558552487417816,0.8503838584827087
2025-12-22,1.1976059634416003,1.1460150038665458,1.1931193168006797,1.1235006119235877,-0.7211619554729976,-0.8737523305197197,1.2205358983873222,1.5538190244840533,-1.36338504350799,0.0051166138778281,-1.2131429032845642,-0.6518583957997695,-0.7536062068614902,-0.8521658374169705,-0.8331412147714224,0.499857622135553,-0.03310007699232395,-0.3231592269537715
2025-12-23,1.1272336476478388,1.0982028764030118,1.1598706997591914,1.1717254239585913,-1.0588405786761983,0.2564514621496158,1.204786648525872,1.5473856245590563,-1.568616093488392,0.0053096944255422,0.013178071340700538,1.3540167013920363,0.8166593634959933,0.4730486719536065,-0.6225480089182364,-0.5152669001598362,-0.8371719933431058,0.8767340541629616
2025-12-24,1.1794904452872783,1.19971711115039,1.2522672778527324,1.2220316233320576,-1.6304938731790741,0.2709688787175606,1.218575874853471,1.5416750754570632,-1.5548799465976244,-0.001498475178594,-0.7898566672860933,0.9843808012621479,-2.4274279535183036,0.13809605106007372,0.5299677940741202,0.18485834631290868,0.9368859966767399,0.24628880043305457
2025-12-26,1.2428968286589126,1.1976388569755274,1.2753659769032946,1.2078073968265348,-1.4545255849007115,-0.24092646951200963,1.2270454343847141,1.5341755326687223,-1.5609337531997944,0.0013159470067161,-1.2652702697663318,0.9986579373169567,-0.06004213197558267,0.9787224968694338,-0.332431839087935,0.2615032124833808,-1.8520315516694037,0.20966212384212607
2025-12-29,1.191684550645445,1.1626452863500027,1.2575173739838115,1.2202978403963525,-1.3476445360776717,-0.02931458138585712,1.2276753274065026,1.5249773042464538,-1.5836792534324355,-0.0024870835251959,-1.5999161674095348,0.6280423766031077,-0.14592995527494448,0.12213898993310884,1.0765251017380486,-1.1948596662346536,0.9008841535231128,-1.1678866312557026
2025-12-30,1.1958651533957152,1.1529444057898353,1.2550673858011387,1.196705251328706,-1.4244211297339047,-0.3152583447841808,1.2424446724075149,1.5068699325305932,-1.840230809721223,-0.004477611054965,0.22793143602758292,0.45532209172929705,2.1926070900737575,1.0038305126300517,0.02350633978244449,-1.339434219156341,0.7676301707519445,1.2597656571552058
2025-12-31,1.2045743258447272,1.1390855038017464,1.23651769733062,1.1543780566758537,-1.173274541955138,-0.46492291577146305,1.238944767833978,1.4809738776971915,-2.0162293892718743,-0.0031314216669777,-1.3650961891559728,-0.35047424101275676,1.130082632430132,-0.5779185801842179,0.4984387359840766,0.7824373230275988,0.9997622056849671,0.5244657654042246
2026-01-02,1.1767040907438382,1.2832162514270222,1.1402711140478112,1.1248889099955766,-0.6594570807923122,-0.36370509576767623,1.2193458153733148,1.4572283247624225,-2.04063442472489,-0.0139337385176139,-0.5452427511664137,-2.3517959438909672,-0.12079502597694093,1.5765546318364951,0.3022704261560325,1.6096355831324771,1.0899557358690275,-0.04531075319448361
2026-01-05,1.1202663891665878,1.063902647256388,1.040175354282083,0.9947863047988463,-0.278931504807996,-1.1759139665019063,1.176367910882339,1.4329406475105297,-1.999289486956654,-0.0185044652798469,1.126535221859035,1.1715033704513653,-0.1759224734750931,-0.792878401411026,-0.32463424115389783,0.8156074132124631,-0.4410691073171174,-0.373052056679464
2026-01-06,0.9934544446224153,0.9267004706937798,0.8994796124474396,0.8247844369209635,0.0477880831620956,-1.5195795776221122,1.0965714122461545,1.4032677178271267,-1.7590414141342297,-0.0077675669961071,1.7315641256320065,1.4105496748554198,0.17890571512087053,-0.5625836764721402,0.007460649262312821,0.6005394127783308,-0.40390771137712833,0.06131158283722907
2026-01-07,0.8610692245678396,0.7926173493898069,0.8186324032867829,0.7543553338903024,-0.14918705299974144,-0.7122894239629924,1.007325449218289,1.3715346494980312,-1.738429552950395,-0.0049674255927542,0.2080447245406797,-0.08256018201164875,-0.618352055118301,-0.24463624366801717,-1.7333278366774518,-0.22894624845694656,-0.1351663721897207,-1.8246856349557405
2026-01-08,0.6457683908141942,0.6405189898882144,0.6747880607552145,0.7096012670352712,-0.046394323678959896,-0.5017512849174343,0.9175898544796675,1.3387535440764928,-1.7363977895876106,0.0012730846985475,1.2114219276308575,1.5211513690988399,0.026200870680885925,-0.2743898806267946,-0.35251686954439765,0.5886501971090099,-0.3228402668769387,0.20901599135588386
2026-01-09,0.7175352700077523,0.6723935639394857,0.6929876715930174,0.7210499571663368,-0.5542571645417148,-0.03253732956072025,0.8361136411187154,1.3036773665917218,-1.7977482997561585,0.0033871074933367,1.4110787239661267,1.6981637387181172,-1.1628150839195002,0.5526825366798828,0.6747941892079428,0.7664038958374133,0.7836111418444601,0.03874380632477429
2026-01-12,0.7203228811501939,0.7101583973685132,0.7132864273578752,0.7515808572853658,-0.29761400417826744,0.12641265224443599,0.7870459154985668,1.2715467993106266,-1.7524103144935368,0.003069147713342,1.746350989740825,1.335868757447658,0.10795677311688745,-0.5784762374783392,0.020634754521520363,0.57115824372547,-0.44858791966573697,0.0651440426651516
2026-01-13,0.7049934326536573,0.7278280761137124,0.7689348474520623,0.7793351612604171,-0.27485780384984604,0.10250576658099705,0.7778763322900208,1.2404100622103165,-1.7305341713129074,-0.0041841013710764,-0.8071030511903938,1.0971176916957162,-0.44948180502313284,0.9565571647435055,-0.6644659636294684,0.09304506879452293,-1.7999529268282648,0.7658695796279151
2026-01-14,0.7318191682981989,0.7281755316030535,0.7101367914469154,0.7415194054567684,-0.5531656465816364,-0.4428543936019175,0.7752866295473583,1.214839359247917,-1.876515820577746,-0.0067546375337528,-0.6092155303169652,-0.6305869737566632,-0.6382365293372975,-0.4985243065315365,-0.5039185459080173,0.2034083389738629,-0.02231367845918061,0.9703634029438232
2026-01-15,0.7722310469433367,0.7011504256832903,0.7220355922806502,0.6808041498519473,-0.5839035719931315,-0.6361288830227623,0.7694766896013187,1.1852025859057944,-1.8836148676548619,-0.0104333114788383,-1.2270957539361036,0.6103662137904589,-0.2832097962828804,0.702667489376967,-0.4159769631205825,-1.0596900700543401,-0.9120839023058739,0.27903737263131145
2026-01-16,0.6764262228076984,0.6270062111738555,0.6478388570946984,0.5878247410771521,1.0121588194355213,-0.9127224741986552,0.7425979399039598,1.155728460898914,-1.879197715856625,-0.0351668016880479,-0.3948256402878189,0.9757779429642984,-0.5802544641630112,-0.16856291998326675,-0.26273528970881804,0.9999722053855845,-1.9492658111406955,-0.6309611980580482
2026-01-20,0.4963124157460831,0.48460788095690627,0.24500352136046016,0.28147610598715067,1.4080631038216573,-2.772393915974142,0.6477523219901128,1.1096649785047417,-1.0809763691978338,0.003843435636429,0.8901755411208989,0.9487610477093147,-0.3104624221457481,-0.8196206889815484,-0.7268244768859159,0.9020770172255457,-0.639012826665975,0.18573202543301265
2026-01-21,0.35591431240620136,0.37269899001617146,0.3066012253599882,0.3144354679626397,0.1593568117958294,0.16072323310500541,0.5539568464987066,1.0626436842697644,-1.1027075962063182,0.0028226246974348,1.534784999872241,0.6593757187982878,0.7710371222155996,-1.511200658850967,0.20571138334532915,1.8475456962386707,0.47417969238251045,-0.6473294044508063
2026-01-22,0.3733333896122891,0.3532968080283902,0.41054747838286476,0.33872167618152027,-0.5683250768218332,0.0839700965827419,0.4726907043848395,1.021766677230841,-1.082035852206199,-0.0012490692680776,0.8927857896859237,1.530802580470356,-0.10145365818231669,-0.6090076383933514,-0.08579810663234835,0.7146046782781171,-0.5198845811333305,0.11574478404720263
2026-01-23,0.3078377951880193,0.2982085347721947,0.2891017965721424,0.32796607531692745,-0.47180857577150276,-0.22217403929394605,0.4015041334974145,0.9778175403940208,-1.1414309780605176,0.0292800862387651,1.530018786478352,1.6307476500273408,-0.06592254721999222,-0.6783847745405952,0.04270008438598456,0.6098968886916182,-0.17142345021404112,-0.10859104958051294
2026-01-26,0.4527643691649388,0.545932651588096,0.4682954792489905,0.5836614365154653,0.2240438694745862,2.0732641765571325,0.4006641692285441,0.9445665681374,-0.4793742719232995,0.0111353492612505,1.1527278968932084,1.8328372837266813,0.26294093609151786,-0.7768369526260591,0.7081624489812793,0.5788549512240513,-0.29476788905347795,-0.24697283635101358
2026-01-27,0.7206709080189042,0.7326789603143274,0.7626340884719115,0.68288553719041,-0.08396398203701753,0.7089905180401819,0.4816502163463017,0.9172248116579903,-0.3647928728997406,-0.0071106663010964,-1.1760272070081241,0.36105630585969567,-1.0175192866201654,0.20765029378892036,-0.7203342996952609,-0.14625830476195056,-1.4320323140529205,0.37172043849912834
2026-01-28,0.667717055351008,0.6256204445961376,0.6331398471865375,0.6193968647501729,-0.49134869639612155,-0.662898114759935,0.543177465407935,0.8859255090232186,-0.3662969732359295,0.0071494587994362,-1.3628645262606842,0.4092072381783737,1.618570532723528,0.2523312743216864,0.5322000650671708,0.34568133625712233,-0.17796811086824468,0.3092559451740435
2026-01-29,0.6799099857556624,0.6529910296629752,0.629639619959497,0.6832331415931675,0.7738862961680372,0.40929780992730463,0.6126841077576212,0.8591801389731121,-0.3091189750231552,0.0046353794561552,-1.270706611257067,-0.44487646629713445,1.5142047406160266,-0.19549602041105474,0.09700632388284976,-0.26989022288157755,0.1693778935242904,0.6261076059774217
2026-01-30,0.5813173526633596,0.730946059517203,0.5515917896522026,0.7248661872100254,2.00137620784484,0.22026821816688008,0.6927603806704541,0.83680803020231,-0.28283883733933324,0.0397794264034297,-0.0919846570694653,-1.3523611560555777,-1.275918769513382,0.49504791626856276,0.13949725943331562,1.0642654073059645,-1.2344755902279543,0.9261775935878921
2026-02-02,0.7506319803351446,1.0285624961903896,0.7976334982928885,1.090195235199622,1.09843746676208,2.862692716425832,0.7949557126635358,0.8350009307450609,0.533271597402923,-0.0019648412969745,0.3423674397531615,-1.791132181383816,0.08786978143133088,-0.8654601185583191,1.1322666566464648,0.2877307000397988,0.33663502272353696,0.7173555805400251
2026-02-03,1.0700991932492125,1.076721797732373,1.0916224875266827,1.0718071742476531,0.6346056807532043,-0.2759917896276868,0.8734222946006308,0.8390127390126024,0.44782169188462223,0.0256803727265563,1.3931633560163612,-0.5647787342965997,0.2589896622310446,0.9794969014443786,-0.8251264822328449,-2.142335022100779,-0.7455549673647246,1.7384039165078078
2026-02-04,1.177749061569174,1.3216746045974281,1.2554171416611892,1.3150115619916132,1.9089041706644432,1.802607493630297,1.0137654959990885,0.8645473408342432,0.5288324974868748,-0.0020998540074744,-0.07287652021663471,-1.1970202379417267,0.19619318907700736,0.07566839979959405,-0.9245992646416176,0.5684493890591684,-0.8230605096173939,0.5244027235258623
2026-02-05,1.3812047066801558,1.3407301672756355,1.2883162912813384,1.294889718103939,0.0782580019316072,-0.28614317869043526,1.1371697921480353,0.8927023113895972,0.49037991614158205,0.0079778857662463,0.8249908302066383,-0.27751692107139864,0.20460397913023531,-0.6381065991263555,-1.1728797204863626,-1.641423870456525,1.193837530090691,-2.742037750800844
2026-02-06,1.3460173892080614,1.3895819518767372,1.4178106802286605,1.3715629831499883,-0.044732682498661885,0.4715859042780074,1.2676436004736216,0.927182102445065,0.4705648391135269,-0.0117290308885893,-1.4325675727694596,-0.30699701220219544,1.2632737259294675,-0.5186674254962043,0.3420488494159334,-0.6850245663754836,0.0553691260452788,0.6440958670499655
2026-02-09,1.3825998456827078,1.3047089680301005,1.2436662158756233,1.2590493726866927,-0.3288197230012248,-1.0101455375223627,1.3017106354547487,0.9552050333540945,0.567248696878234,-0.003428792205986,-0.10916664041473617,-0.09465857028162139,1.2515085364831826,-0.11514069495896226,-0.1034634781366773,-1.2179521546135839,1.4877810619269813,0.7996317791790104
2026-02-10,1.2772901879497316,1.206566200362168,1.287104924454272,1.2264063519131034,-0.8281160970165783,-0.3860639094385912,1.3329016721208524,0.979937406003477,0.5835325828629886,0.0066281146856005,-1.2941728211733554,-0.4398932016137476,0.6126972657824148,1.1604683840336287,-0.7318909509918562,0.9761938556291216,-0.23125573300394692,0.1427152968451102
2026-02-11,1.2706646366704593,1.373373133991835,1.3400028202130712,1.2896088865827782,0.027283138626336006,0.370098782550368,1.3277765751309532,1.0065161808810879,0.5902976937527061,-0.0512741485728267,-1.1460805180400446,-0.6159460178029337,-0.6642998257638738,-0.9236540087667795,-0.9595281893271481,0.7309139348149707,0.06068383083726362,-0.09707299909508646
2026-02-12,1.301699161559219,1.2187041368513039,0.8401027382240955,0.811424982344252,1.4475185543696718,-3.9834794825894386,1.2302355239587357,1.0101573728503752,1.650051041273388,-0.0229957847874414,-0.7668422623279718,0.17776282847318178,1.4838150578226261,0.07541738682961367,1.3575932805508046,-0.39722556400978065,0.6477554712835473,0.4764377686901786
2026-02-13,0.8281531547792463,0.7508818815842724,0.6744039284343686,0.6048017189124392,0.23971007591053373,-1.857274684681956,1.0755382023550248,1.006198612283551,1.8142981523442447,0.0311767776258816,0.8572340116483042,1.124468093159831,0.33357705478862915,-1.1589800118759037,-0.45502301442494975,1.2989309971595735,0.06042313493133607,0.1792097164389995
2026-02-17,0.6900637257556461,0.8916794048767692,0.6775566344689825,0.8860868048401983,0.34586019752816377,2.2158733585466894,1.0002914299953563,1.0217342745249913,2.080063455613141,0.0017795329116435,1.2400594404677812,1.2488679115379402,-0.14547727451508138,-1.1199367450238267,0.2744288385918853,0.7291940193206033,-0.3019556656755476,0.21539070378601596
2026-02-18,0.8835977174521289,0.910059345848678,0.9196249103769355,0.9024083152269929,-0.8365753612071863,0.005541698941377871,0.9349234584794218,1.0540769498081786,1.6050986922261745,-0.0143641415256223,0.3720598633016523,0.6214803805176402,-0.6188862695721487,0.9156553537866111,-1.5106428580553821,-0.8909342329948843,-0.201238572999701,-2.055185074901624
2026-02-19,0.8487268430031737,0.828910112595782,0.8355484731486613,0.7714886277298784,-1.0002055982582336,-1.2082752780546708,0.8303905092401759,1.077883609719737,1.7095203484520964,0.0152337480384972,0.19164813246896423,-0.7388930039291238,-0.5745007008494095,0.6732462967906369,-1.3727167302298007,0.6591483763878276,0.8012693043912866,-1.5095978372712904
2026-02-20,0.7221453984855244,0.8382731193199413,0.7693395082691504,0.9103947383342512,-0.4532186605139165,1.0171425458609586,0.8503580752682401,1.1076605095845178,1.7612528848249054,0.0060291318592713,-1.0479159519319012,0.2980343116521355,0.9707457855588281,-0.04813716325590127,-0.026881455235562724,0.5511295332818977,0.3247815400141453,1.1680829368201568
2026-02-23,0.8797613678919335,1.0005715858257336,0.9522039418109218,0.9659573945299045,-0.6852783025354183,0.32506222495917086,0.9232227572831258,1.1408917476548672,1.7563032051032987,0.0221439494471828,0.025913126965199512,1.3894246484664887,0.5220394262472146,0.3896857596203037,0.5197082237778338,-1.735868458780222,0.8323557941326012,0.5213909305239804
2026-02-24,1.0321469189659263,1.1899208550747735,1.1038898338832184,1.1729282623644748,-0.21230018076284943,1.536709501755616,0.9810942321130824,1.1715850589696737,1.6472809630553866,0.0076505168067397,0.10790028217884312,0.26818672960677403,1.1235359626453107,0.026245316638023083,-0.5952482238911326,-1.5193622461152672,1.0074344752321744,1.3216886824775609
2026-02-25,1.1688412150426704,1.1916543924336718,1.2208948904984525,1.245506577982917,-0.8604035881035419,0.44697155750492273,1.0503157548617639,1.2008904635839996,1.6321675625250334,-0.0046785374459385,-1.4472552857585284,0.4178045343313077,0.5890263710526534,0.6209478519954255,0.4293770468296632,-0.2215043221028919,0.4160149862512911,0.7888003613776464
2026-02-26,1.2793823552826982,1.232228479897312,1.2121370173768662,1.2010566649802987,-0.9271226234133376,-0.4800302487047383,1.1369829196086467,1.2311875455587888,1.616961057042339,-0.0326580116789895,-0.8774982487851138,0.5524503798581927,-0.28829452016657836,0.048864568363840934,-0.8999903579811098,-0.4891892382748634,-1.592051526314318,0.5430242094003545
2026-02-27,1.204758173158109,1.1177874977440108,0.9350388525970318,0.896504339227718,1.0230593804921977,-2.583762020766714,1.1341804729567226,1.2422962640142146,2.0152204506104274,0.0020420069532886,0.2585406260832975,-1.0879629288555344,0.4679746108487391,1.035867722614443,0.2460053621021642,1.363149632968491,1.17537189339202,-1.158720772397957
2026-03-02,0.8421012917239014,0.9000020775204666,0.84080405228266,0.9152569608947742,-0.4650401898494091,0.025276700970045488,1.123951446461364,1.2522132032204092,2.011483473164112,-0.0036709834343797,0.07620052514349755,-1.3934088955885136,0.017346395893293672,1.1301118053209425,0.6118653993527576,1.083250559308867,-0.8527680352493859,0.4906062905512053
2026-03-03,0.879413382786196,0.8663631978180355,0.8383515912303018,0.8815721866824329,-0.6238463073447525,-0.4042738792844394,1.065169128361611,1.2413465942502606,1.4774878505304188,-0.0046744570342451,1.0748809206236114,0.7270580117447185,1.6627859810229544,0.981207229646686,-1.1754197976770582,-1.249716991767878,0.27461048219090234,0.5269221538456973
2026-03-04,0.9202117099536778,0.8868238069508686,0.8835425158790529,0.8388581761545608,-0.563705616883644,-0.47972344909689013,0.9831260968062407,1.2292129125201867,1.4816026442028736,-0.0085308008759145,1.0305971704149623,1.3095044130341564,0.31166294099968256,-0.6198261898993046,0.30031478305843656,0.364199144748523,-0.4744200079385018,-0.32981846964203165
2026-03-05,0.7856106453845355,0.7276463426864629,0.7374607218174198,0.7614186977451162,-0.08346207868930287,-0.7696757547099901,0.8944272811791749,1.2003777611445903,1.2133915831932645,-0.0109320918379469,1.1762251868720337,2.117189038353561,-0.3676100496707392,0.7008749235206831,-0.009393131947243543,0.20372822269710614,0.7844223269700541,0.004395616613530322
2026-03-06,0.7102894288738358,0.6308910399010186,0.6365698524045378,0.6631420310215909,-0.49953508109671,-0.9502249690631852,0.8473454504627466,1.1674717369439405,1.2354572703689597,0.0093556697588803,1.6061066884109292,1.7190438082449715,-0.6052047129089451,0.07271389114276394,0.25802412037765293,0.6397203963181655,0.9400981818184924,-0.06913029448160252
2026-03-09,0.6077689728599366,0.7134277380364028,0.6123980370628553,0.7471806942358254,-0.6409207668631227,0.5751792719088645,0.8134353542046298,1.134949356364511,1.2478910589731178,0.003648797829983,1.1474114901223242,1.381920202546545,-0.6988363300929433,-0.4846062554722817,0.17841684772624725,1.1338435027717912,1.130217102164992,0.13435205276218282
2026-03-10,0.676115588810991,0.7595516850299956,0.7269517017020399,0.7801702596426516,-1.012606996510018,0.14608872875176726,0.7929770874009368,1.1100058417221568,1.2354524200901913,-7.663911620952738e-05,1.2893104711006573,1.1238529199321807,-0.3417815920776256,-0.8710877540951384,-0.3146544802124732,0.43903080620312096,-0.4780624973546129,0.06141091588592467
2026-03-11,0.796071482049368,0.7474137485408598,0.818032726905489,0.7794761106066572,-1.2256430397987237,-0.1340208974420251,0.7809965050215035,1.086726457187559,1.2373114367037414,-0.019552680241045,-1.100715829950894,0.24519093139697568,-1.104618884959713,-0.6934165276850734,-0.5955860948801756,0.40742709385204146,-0.6008775109674294,0.2939277894733482
2026-03-12,0.7113355125403191,0.6371341027094075,0.6299137833060277,0.6041070399916835,-0.5154205656942804,-1.598393178601729,0.7492582140481134,1.0510205245585171,1.3035953908714393,-0.0222987000965607,-1.2535307771879731,0.9267986404033604,0.40924044388839786,0.18399003698899222,0.9382668295503572,-0.7544851019215977,0.1351520886712206,0.08911697962068932
2026-03-13,0.6004458551072352,0.54627367360471,0.4666674345686599,0.40824944523490914,-0.7037074138078144,-1.80486200530818,0.6978325589492561,1.0300202039360509,0.5165822756019591,0.010737018860286,-0.9447078353074156,1.1286592805965312,-0.7079704043800921,0.03416955959986094,-0.4270516233169894,1.1834108766644806,-1.771831167751837,-0.17567462320388758
2026-03-16,0.4829311784821987,0.4616568364712094,0.4792787932452692,0.502011493800669,-0.9403231687430366,0.6790406943477362,0.6483686378880429,1.0246661397989294,0.3745441410086662,0.0055615502580659,1.3041859991915596,1.0804488333272577,-0.04105105484618532,-0.6226440389252621,0.2726626514019872,0.6565105797992983,-0.378499981386691,-1.0871485047944485
2026-03-17,0.5125716345987377,0.5046592520606078,0.5598507983333383,0.5509754950762916,-0.926318603487387,0.2899055146402383,0.6021276266923813,1.0072111002404454,-0.1120961010404641,-0.0170184534699624,0.8883708000662249,1.2410146078888988,-0.021316542764131585,-1.0985667800120922,1.238205119008457,1.0352314520062593,-0.4084317257394558,-0.3505644387571525
2026-03-18,0.5010641821801043,0.4980701167758088,0.4484509088050765,0.40199892460239733,-0.760822065638527,-1.4078487340732178,0.5259700110629174,0.9811461318126647,-0.010542339454841721,-0.0039286308679262,0.35109926891776827,0.043334407191042236,-0.5840215115294842,0.24985769469031652,-1.5025256825238933,-0.10770542241702785,-0.12001831439580618,-2.9854691938659874
2026-03-19,0.3884308746071112,0.39021774074449883,0.38889747848592143,0.36796707587205885,-0.8043755813848718,-0.4236459763948895,0.47832777654129377,0.96012778822008,-0.08066435291121991,-0.0039038230355726,-1.2688847094316673,0.762190855131652,1.1681762882154876,0.33901621162493295,0.2760862198700577,-0.3361076220721475,-0.09781488372790291,1.088406981828759
2026-03-20,0.33891429674007084,0.2990112391633913,0.34335643134604255,0.3342823016597186,1.800990078057758,-0.4217807152865658,0.46340459310539256,0.9301196533726704,-0.25034946823774035,0.0140148042382426,-1.00645305108013,1.0616541231721093,-2.3564469323117216,0.9326594668740081,0.8002830377730205,-0.32470781789370556,1.418403901631502,0.050600917357772876
2026-03-23,0.5477910262407482,0.4862793110886981,0.4932911764245453,0.4558251484385448,-0.5275003559756845,0.9254921174220841,0.45408630297334146,0.9035482477646171,-0.13964063850393704,0.0005962431159833,0.9967792975839648,1.0099490914953482,-0.2412760957287708,-0.8784198053231949,-0.618885830994627,0.9168192432711836,-0.5118400334467623,0.149900013231649
2026-03-24,0.4215586310034708,0.49425538209317826,0.4677183365801969,0.4610339156323037,-0.3030472297384794,-0.08342796210202191,0.4359402096718915,0.866467601359622,-0.48905995565139027,0.0038868717408098,-1.2092885941795268,0.4351112594786714,-0.619551373832118,1.1468262053658995,-0.26337762636312845,-0.11894826248337598,-1.7983516416552008,-0.144892695715493
2026-03-25,0.552324410187053,0.5001507849367332,0.5395330030848333,0.49506576436264216,-1.1156238768404585,0.16398912409635752,0.454716837434051,0.8273791740031406,-0.532065586086956,0.001068245142811,-1.2399833020760254,0.138189502314437,-0.8178680162169016,0.4583922288868344,-0.7292901079264834,0.14781901734096994,-1.1416408588177447,0.7625841063054275
2026-03-26,0.48327969567525386,0.5695092125025194,0.5104568001765907,0.5044420751961702,-0.46656051843666124,-0.04793888707350933,0.4822512446165817,0.7910944087104824,-0.5175265736494229,-0.0163052360290227,-1.3415674377641498,0.15889236190428457,-1.04300429468963,0.1295268068905775,-0.6591268384523326,-0.014212408627355018,-1.310712822861297,0.7725374274390379
2026-03-27,0.5453498096274098,0.5171437901889626,0.41587187737109005,0.36241070427554145,-0.16915598425153394,-1.3542230591089184,0.48792626857594307,0.7632749193217423,-0.9512263368671986,-0.0087601155006516,-1.0956263267040522,0.6626156682115455,-0.05735317360222998,-0.17506614465948225,0.7292512298807085,-0.5468545408216837,0.09064950108073024,-0.009851567294533061
2026-03-30,0.4117948287247497,0.3569254626812859,0.3261908075939971,0.2870542028588404,-0.5810968115243583,-0.7869175533885387,0.45387601791328425,0.7305535408639675,-0.9499054329698189,0.0286178693161121,0.6835420811158223,1.3959982138133802,-0.0017996134169970014,-0.9694146944461153,0.59647254430298,0.8291751822114779,-0.533232025968134,0.13989711910763505
2026-03-31,0.33647361221404914,0.5167966593869346,0.3818912868962824,0.53569573812825,-0.08641015175112193,2.023473148728004,0.46893935575372636,0.7125377744127723,-0.3495123558829127,0.007223978662675,0.36425538311955025,1.0793092610769777,0.3184073379384324,-0.413007358915158,0.4066205449089883,1.394262546931651,-0.9024045020018681,-0.4925457390676507
2026-04-01,0.5516268437136259,0.5410720032023992,0.6001373354155273,0.5995929517186793,-0.5512165073672106,0.4149008388705715,0.4900281570181289,0.7000750975773048,-0.3113591513518131,0.0011337828774017,-0.6011977322209786,-1.2081932521621137,-0.5523108830007597,1.5046438503204183,-0.7677167290842719,-1.1059186116957025,-0.509081008804055,-0.7964767143590118
2026-04-02,0.555811178379559,0.539338465843501,0.5062526575922843,0.6096634115882018,-0.978565280130071,-0.04301120997067957,0.5112570057805866,0.692170576166363,-0.3391908394192329,0.0114224299395592,-1.0726383302653257,-0.59756418566486,1.1475401359979678,-0.28183131330964983,0.04271408280737617,-0.24238748349657588,1.0792219129781868,0.19858873372722585
2026-04-06,0.6363633453099924,0.748454082621322,0.7097855434118411,0.7117589577792172,-1.0740487373967558,0.7305756535960783,0.5817394905442016,0.6947029000690211,-0.32601975630215,-0.0209234953947906,-1.5388289718565438,-0.1583224916338752,1.1612214504968676,-0.32487788765725983,0.4246377858237518,-0.9110551720916384,-0.07485654400791905,0.49536024679697066
2026-04-07,0.624158326417931,0.5417662648064513,0.3328468766925083,0.5256252782587275,0.5251274039269422,-1.7014625704186808,0.6298722120284805,0.683162679140635,-0.15348935025584654,0.0210780401514542,-0.7357848901434658,0.2905389876498532,-1.2518545394134204,0.25610493451224264,-0.6123189806322589,-0.7636485754135964,-0.5517616769639899,-0.26362805165142006
2026-04-08,0.7040129268749364,0.6648770504054756,0.7122380044641993,0.7131483156207267,-0.5037842045841583,1.4565654921547628,0.6656740185752137,0.6796716877890951,0.07949940955665269,0.0061225720685277,0.6769900511838655,0.7724826031116327,0.3315628531930365,0.9401909309754324,-1.1478772672971862,-0.2677171183837377,-1.0983994119200187,0.10281680288754115
2026-04-09,0.7231914821520077,0.7123874039559407,0.6961238172618472,0.7683633674136224,-1.1329273602165237,0.332087844360146,0.6997241623313858,0.6790928551254807,0.09919105358294926,-3.8310259802688224e-05,0.46106370014906023,-0.4334936757812608,0.024507612463971862,-1.0561216692906237,-1.5999257441288857,-1.235179536991136,1.0280010291151402,-2.378640606298321
2026-04-10,0.7573653222148525,0.7494944167017842,0.7994660786507787,0.7680168227803855,-0.9784629503213137,-0.13113901223080768,0.7316726314583454,0.6876304713122185,-0.10127087563629096,-0.0049261134182705,-0.6852347891666387,-0.43378821916525917,0.9920753752598441,0.5344005149498127,0.6767596948297009,0.998336564281962,-0.14435466939659686,0.6099501783278232
