date,open,high,low,close,volume,daily_return,ma5,ma20,volatility20,target
2025-05-13,209.79158118866218,212.75257189298435,208.36592688565332,212.28399658203125,51909300,0.010101056215818433,202.42686767578124,202.86610717773436,0.02372616359098812,-0.0028217831561660077
2025-05-14,211.78550901932945,213.29093762104833,209.94113079478424,211.68582153320312,49325800,-0.0028217831561660077,205.68435668945312,203.38725814819335,0.023736413686344004,-0.004153052704613105
2025-05-15,210.31001909194578,212.31393091132972,208.90429308394448,210.80850219726562,45029500,-0.004153052704613105,208.5194580078125,204.25633544921874,0.021645963261679724,-0.0008990293659761774
2025-05-16,211.71573318604425,211.92510277199543,209.1335944967917,210.6190643310547,54737900,-0.0008990293659761774,211.1095764160156,204.98102874755858,0.021554538272146047,-0.011808522701296861
2025-05-19,207.27923550566183,208.84446444770495,203.64029993754312,208.14659118652344,46140500,-0.011808522701296861,210.70879516601562,205.77226943969725,0.021181972939619716,-0.009238802480674083
2025-05-20,207.03996203611737,207.83753801206538,204.40797196423648,206.232421875,42496600,-0.009238802480674083,209.49848022460938,206.14022827148438,0.020176467970815976,-0.023329144395148625
2025-05-21,204.5475404614086,206.41186226922272,200.10108001028593,201.4768829345703,59211800,-0.023329144395148625,207.45669250488282,206.0284652709961,0.020210667816284694,-0.0036188576331059774
2025-05-22,200.1010626250374,202.13486667390606,199.09411717835945,200.74908447265625,46742400,-0.0036188576331059774,205.44480895996094,205.6926300048828,0.01972522332988919,-0.03071095048956623
2025-05-23,193.082445017036,197.1002176461426,192.8730906309023,194.67759704589844,78432900,-0.03071095048956623,202.2565155029297,205.00791854858397,0.020698174561924406,0.02498354854169106
2025-05-27,197.6983910952664,200.1309909415137,196.83102019804124,199.60260009765625,56288500,0.02498354854169106,200.54771728515624,204.52664337158203,0.02160334803801559,0.00104828732303026
2025-05-28,199.98143310081724,202.11494001836002,199.2935240345892,199.81195068359375,45339700,0.00104828732303026,199.263623046875,204.00256805419923,0.02154908314946859,-0.002347793298986658
2025-05-29,202.9623758748587,203.19167383577107,197.90775006205254,199.3433837890625,51396800,-0.002347793298986658,198.83692321777343,203.3908447265625,0.021453300615903396,0.004491066900633698
2025-05-30,198.7651407343476,201.3472946799051,196.18300200128658,200.24066162109375,70819900,0.004491066900633698,198.73523864746093,202.78316268920898,0.021464491446753303,0.004223038592199533
2025-06-02,199.67238359256916,201.51677709467234,199.51286535414474,201.08807373046875,35423300,0.004223038592199533,200.017333984375,202.6146224975586,0.019843441733374455,0.007753672262589979
2025-06-03,200.73913195165156,203.1517881077627,200.35031577799097,202.65330505371094,46381600,0.007753672262589979,200.62747497558593,202.84594192504883,0.018506131843894158,-0.002216203487944864
2025-06-04,202.29440469878628,205.6143037964219,201.48686455307688,202.20468139648438,43604000,-0.002216203487944864,201.10602111816405,203.07374801635743,0.01850890580725125,-0.010856438829481212
2025-06-05,202.88261988754903,204.12882762641604,199.54277706238673,200.02133178710938,55126100,-0.010856438829481212,201.24161071777343,203.3048957824707,0.01848811840213253,0.01626524565909584
2025-06-06,202.3841235560851,205.07592905349443,201.4370087789868,203.30133056640625,46607700,0.01626524565909584,201.85374450683594,203.63831253051757,0.01876588945422033,-0.012186486627925944
2025-06-09,203.76991971327615,205.37503589356555,199.4131823149893,200.83883666992188,72862600,-0.012186486627925944,201.80389709472655,203.7968307495117,0.018994308364589783,0.006037726636299317
2025-06-10,199.9914028593682,203.73002568042446,199.96149509379936,202.05511474609375,54672600,0.006037726636299317,201.68425903320312,203.39206161499024,0.012726688379282798,-0.01938030982419538
2025-06-11,202.88260699920767,203.8795731269679,197.80805305990708,198.1769256591797,60989900,-0.01938030982419538,200.8787078857422,202.68670806884765,0.012960868173890076,0.0021106894117195567
2025-06-12,198.47602627663701,199.07419684911244,196.7612432530472,198.5956573486328,43904600,0.0021106894117195567,200.59357299804688,202.03219985961914,0.013020009098359623,-0.013901381409216582
2025-06-13,199.12405177447246,199.76210952406473,195.1062792678608,195.85400390625,51447300,-0.013901381409216582,199.10410766601564,201.28447494506835,0.013238530932696656,0.009978032131971447
2025-06-16,196.701426450214,198.08720880439395,195.96366601516638,197.81802368164062,43020700,0.009978032131971447,198.49994506835938,200.64442291259766,0.01357782013404138,-0.014109811963743587
2025-06-17,196.6017124403596,197.78810453675544,194.61775963167673,195.04644775390625,38856200,-0.014109811963743587,197.09821166992188,199.9894157409668,0.013664663749813946,0.004793242131453152
2025-06-18,195.34553910938874,196.97059871241268,194.4781834746436,195.9835968017578,45394700,0.004793242131453152,196.6595458984375,199.4769744873047,0.013701186243947266,0.022235412523977576
2025-06-20,197.63856158511533,201.08805571006383,196.26274352386682,200.3901824951172,96813500,0.022235412523977576,197.01845092773436,199.42263946533203,0.013851355945079226,0.0024845808381479544
2025-06-23,201.01829760639046,201.68626312768808,198.35639970659372,200.88868713378906,55814300,0.0024845808381479544,198.0253875732422,199.42961959838868,0.01384093183534967,-0.005973168407372299
2025-06-24,201.97536755465325,202.8227948624406,199.59261907789957,199.69232177734375,54064000,-0.005973168407372299,198.4002471923828,199.68035583496095,0.011920912994990611,0.006270873324914723
2025-06-25,200.83883469818846,203.05210084338043,200.01135094007643,200.94850158691406,39525700,0.006270873324914723,199.58065795898438,199.74765090942384,0.01062589924744685,-0.0027822857556903716
2025-06-26,200.81887060840756,202.0252062612044,198.85486142223453,200.3901824951172,50799100,-0.0027822857556903716,200.46197509765625,199.7765625,0.010646886757104264,0.0003980088949820225
2025-06-27,201.2774955925489,202.60346239871808,199.39323017588663,200.46995544433594,73188600,0.0003980088949820225,200.4779296875,199.83289108276367,0.010630748862795589,0.020136061766974515
2025-06-30,201.39712965217615,206.7608124915243,198.6554726965608,204.54754638671875,91912800,0.020136061766974515,201.20970153808594,200.04823532104493,0.011497093163737695,0.012833452642264409
2025-07-01,206.04299395149746,209.55231908550664,205.51460310500556,207.18951416015625,78788900,0.012833452642264409,202.70914001464843,200.3533073425293,0.01177935967694479,0.021987220737205337
2025-07-02,208.2761972389462,212.69274987948137,207.5085290616707,211.7954864501953,67941800,0.021987220737205337,204.8785369873047,200.8104164123535,0.012580177277399341,0.0052114546359404825
2025-07-03,211.5063683517463,213.9987837940836,211.16740350258758,212.90213012695312,34955800,0.0052114546359404825,207.38092651367188,201.34528884887695,0.012552356461253304,-0.01700167510697276
2025-07-07,212.03474730839852,215.57398008038285,208.16652910348648,209.3130340576172,50229000,-0.01700167510697276,209.14954223632813,201.80987396240235,0.012966876612730735,0.00028579759973666486
2025-07-08,209.46260228799343,210.78855393169587,207.8175989494771,209.37286376953125,42848900,0.00028579759973666486,210.11460571289064,202.1134506225586,0.01254459814597912,0.005366271415913139
2025-07-09,208.8943192909964,210.6888614301138,206.59132988433592,210.4994354248047,48749400,0.005366271415913139,210.7765899658203,202.59648056030272,0.012146474675622475,0.0059969334396774284
2025-07-10,209.87133445003573,212.83232507172787,209.39279496736208,211.7655792236328,44443600,0.0059969334396774284,210.7706085205078,203.08200378417968,0.012145826065876764,-0.005902267935020674
2025-07-11,209.93115706069412,211.48642172848318,209.22330444266433,210.5193634033203,39765800,-0.005902267935020674,210.29405517578124,203.69912567138672,0.011215105143534071,-0.01210169433492717
2025-07-14,209.29309904361602,210.27013683517245,206.91035052542594,207.98707580566406,38840100,-0.01210169433492717,210.02886352539062,204.16869659423827,0.011714941141787154,0.0023460715289745234
2025-07-15,208.5852680860029,211.2471659954246,208.2861751856472,208.47560119628906,42296300,0.0023460715289745234,209.8494110107422,204.79977645874024,0.011077578787691816,0.0050087134979031256
2025-07-16,209.66198981724762,211.7556096589697,208.0070223143888,209.5224151611328,47490500,0.0050087134979031256,209.6540069580078,205.38499603271484,0.010970938418021919,-0.0006664390568958011
2025-07-17,209.93116216460888,211.15742622671814,208.95412441878605,209.38282775878906,48068100,-0.0006664390568958011,209.17745666503907,206.101815032959,0.010264688170182884,0.00550807738367113
2025-07-18,210.23024956462245,211.1474566075158,209.06380098140497,210.539306640625,48974600,0.00550807738367113,209.1814453125,206.82960052490233,0.01027050133916702,0.006136992592796734
2025-07-21,211.45652088357517,215.12534891613055,210.98794558852114,211.83535766601562,51377400,0.006136992592796734,209.95110168457032,207.40185928344727,0.009318355521095133,0.008995608062564086
2025-07-22,212.49337032996837,214.29787667610697,211.5861274580158,213.74954223632812,46404100,0.008995608062564086,211.00588989257812,208.0449020385742,0.009420769904101435,-0.0011667041677289938
2025-07-23,214.3477325289176,214.49727137359017,211.76559372759175,213.50030517578125,46989300,-0.0011667041677289938,211.8014678955078,208.73530120849608,0.009236564987164969,-0.001822921241873524
2025-07-24,213.25104009789538,215.0356179140754,212.88216751340357,213.11146545410156,46022600,-0.001822921241873524,212.5471954345703,209.34344940185548,0.009278746876538676,0.0005613299242606824
2025-07-25,214.04862920984866,214.58699944946258,212.7525701732737,213.2311248779297,40268800,0.0005613299242606824,213.08555908203124,209.9854965209961,0.009200038327184959,0.0007945711497307053
2025-07-28,213.38067592321022,214.1981955143971,212.41361748607306,213.40061950683594,37858000,0.0007945711497307053,213.39861145019532,210.63202972412108,0.009194321498698713,-0.013072742970519372
2025-07-29,213.53020352524888,214.1582970701604,210.18041185237743,210.62904357910156,51411700,-0.013072742970519372,212.77451171875,210.93610458374025,0.008956172793373568,-0.0105635130005587
2025-07-30,211.25711581327238,211.74563469104578,207.0898047125579,208.415771484375,45512500,-0.0105635130005587,211.75760498046876,210.99741744995117,0.008921044125718166,-0.007104750713967717
2025-07-31,207.85748415888986,209.20337937318874,206.5315173151756,206.94027709960938,80698400,-0.007104750713967717,210.52336730957032,210.75465698242186,0.007448084958939362,-0.025321517440465572
2025-08-01,210.23025491744008,212.93203997684435,200.88868661623732,201.76602172851562,104434500,-0.025321517440465572,208.2303466796875,210.1978515625,0.00903386499148405,0.004781509365661584
2025-08-04,203.8895472057539,207.24933356384108,201.06813110178,202.7330780029297,75109300,0.004781509365661584,206.09683837890626,209.8688537597656,0.008515347784773197,-0.0021168961182062526
2025-08-05,202.78290655256814,204.71702329589334,201.54667827641916,202.3043670654297,44155100,-0.0021168961182062526,204.43190307617186,209.51542892456055,0.008504328205084684,0.04965344618378292
2025-08-06,205.00616501036765,214.72658548105818,204.96627784328447,212.60304260253906,108483100,0.04965344618378292,205.26935729980468,209.62060928344727,0.014262290359290525,0.03129864057229203
2025-08-07,218.2159523061407,220.1799768073744,215.92292715514498,219.36245727539062,90224800,0.03129864057229203,207.75379333496093,210.00045318603514,0.015813583342157225,0.04148535739201776
2025-08-08,220.16003429974123,230.29917810781973,218.58482597462978,228.65419006347656,113854000,0.04148535739201776,213.1314270019531,210.90719451904297,0.018003241792789806,-0.00837237647261632
2025-08-11,227.48640043221798,229.12327986736793,224.3324083989562,226.747802734375,61806100,-0.00837237647261632,217.9343719482422,211.84523086547853,0.017844874471838162,0.010813758371364397
2025-08-12,227.57622481823222,230.36092560837628,226.63802588155738,229.21310424804688,55626200,0.010813758371364397,223.3161193847656,212.8821060180664,0.017896001556119895,0.015897437361664515
2025-08-13,230.6304284784954,234.55294488479396,229.99163136972763,232.88612365722656,69878500,0.015897437361664515,227.37273559570312,214.0502914428711,0.018069348466658766,-0.002360009613884975
2025-08-14,233.6147219132583,234.67270293292236,230.41083714463488,232.337158203125,51916300,-0.002360009613884975,229.96767578125,215.1980079650879,0.018102648915730456,-0.005125269260025916
2025-08-15,233.5548328767578,233.834298979768,228.9036945156081,231.1494140625,56038700,-0.005125269260025916,230.4667205810547,216.22851333618163,0.01824872284919243,-0.003027098981898543
2025-08-18,231.25921652669462,232.67651332576617,229.672244959047,230.4507598876953,37476200,-0.003027098981898543,231.20731201171876,217.15928344726564,0.018324830273560265,-0.001430291785831238
2025-08-19,230.84001516813981,232.42698672077375,228.9136940815642,230.1213836669922,39402600,-0.001430291785831238,231.38896789550782,217.97787551879884,0.018329862906068306,-0.01993191816954049
2025-08-20,229.54248102593337,230.0315543310328,225.3404986724704,225.5800323486328,42263900,-0.01993191816954049,229.92774963378906,218.5818618774414,0.019057389869364047,-0.00492334850628289
2025-08-21,225.83955683035407,226.08908123987146,223.35428822884654,224.47215270996094,30621200,-0.00492334850628289,228.35474853515626,219.14989624023437,0.019109101568789758,0.012636557853807327
2025-08-22,225.73973438952316,228.65417758009713,224.98118568943215,227.3267059326172,42477800,0.012636557853807327,227.5902069091797,219.85467529296875,0.019231772166043107,-0.0026378418247804086
2025-08-25,226.04912998143794,228.86377239669042,225.79960559269966,226.72784423828125,30983100,-0.0026378418247804086,226.8456237792969,220.52103652954102,0.01926965073749581,0.0094202286822618
2025-08-26,226.43840339540802,229.0534295301293,224.26255788237486,228.87376403808594,54575100,0.0094202286822618,226.59609985351562,221.43327255249022,0.018933896493206405,0.005132719840409774
2025-08-27,228.17510050695543,230.46073738560713,227.82576024347395,230.05152893066406,31259500,0.005132719840409774,227.4903991699219,222.5150604248047,0.018614373058895153,0.008940749184059526
2025-08-28,230.3809040856524,232.9659733126178,228.90370861616245,232.11758422851562,38074700,0.008940749184059526,229.0194854736328,223.77392578125,0.018412682527558167,-0.0018076343154580796
2025-08-29,232.0676707602769,232.9360260407387,230.92984008944924,231.69837951660156,39418400,-0.0018076343154580796,229.8938201904297,225.2705436706543,0.017023176039753014,-0.010479434881734952
2025-09-02,228.81388239599917,230.4108447009183,226.53822101083426,229.28298950195312,44075600,-0.010479434881734952,230.40484924316405,226.59803924560546,0.017460321923389248,0.0373823332188683
2025-09-03,236.75874463665696,238.395624134605,233.9141603097862,238.01634216308594,66427800,0.0373823332188683,232.23336486816407,228.38363800048828,0.018667785148315262,0.00547826662608221
2025-09-04,237.99636566705198,239.44360411673358,236.28962732845326,239.32383728027344,47549400,0.00547826662608221,234.08782653808595,229.719677734375,0.01590489903473694,-0.00037541330898129005
2025-09-05,239.54341659874092,240.86091270031892,238.03629475202086,239.2340087890625,54870400,-0.00037541330898129005,235.5111114501953,230.7132553100586,0.014782129929401647,-0.00758004513282915
2025-09-08,238.84475646782593,239.69313028194867,235.89038089866295,237.42745971679688,48999500,-0.00758004513282915,236.65692749023438,231.15191879272462,0.012124891294698332,-0.0149506219450665
2025-09-09,236.54912730927947,238.3257397896772,232.9160527142261,233.9041748046875,66313900,-0.0149506219450665,237.58116455078124,231.50973739624024,0.012501106323708806,-0.032791271045805905
2025-09-10,231.7482872752143,231.97784546194652,225.52015268533836,226.35855102539062,83440800,-0.032791271045805905,235.24960632324218,231.36700973510742,0.014451425226063642,0.014185276809186579
2025-09-11,226.44839058875493,230.01159113632517,226.21881717306923,229.59239196777344,50208600,0.014185276809186579,233.30331726074218,231.20232315063475,0.014353124463651008,0.017410496957209892
2025-09-12,228.78393068206054,234.06386022938602,228.58431421011397,233.6247100830078,55824200,0.017410496957209892,232.18145751953125,231.2667007446289,0.014903911194672305,0.011173249798929598
2025-09-15,236.54912714503797,237.7368657054393,234.58287368836292,236.24969482421875,42699500,0.011173249798929598,231.94590454101564,231.52171478271484,0.01503800198478155,0.006107248126145962
2025-09-16,236.72878926810645,240.76111223381088,235.87043992435724,237.6969451904297,63421100,0.006107248126145962,232.70445861816407,231.88402404785157,0.015045048550036879,0.003521013968839509
2025-09-17,238.5153883976145,239.6432435766681,237.27774187166392,238.5353546142578,46508000,0.003521013968839509,235.1398193359375,232.30472259521486,0.015034194998566322,-0.004655392669439339
2025-09-18,239.5134800259323,240.74113579799257,236.199788714976,237.42745971679688,44249600,-0.004655392669439339,236.7068328857422,232.89709396362304,0.014239265828519554,0.03153058391446455
2025-09-19,240.77107799962133,245.83144010441063,239.7530294205925,245.032958984375,163741300,0.03153058391446455,238.9884826660156,233.92513427734374,0.015507678560716066,0.042192900302590174
2025-09-22,247.82763635806887,256.15178189089505,247.64797087114997,255.5928192138672,105517400,0.042192900302590174,242.85710754394532,235.33843994140625,0.017602509118075822,-0.006464105813548765
2025-09-23,255.39322235208516,256.8504363399061,253.0975947938589,253.9459686279297,60275200,-0.006464105813548765,246.1069122314453,236.69934616088867,0.01772012754095339,-0.00836725849202465
2025-09-24,254.73446948849343,255.2534845023776,250.56241362070242,251.8300018310547,42303700,-0.00836725849202465,248.76584167480468,237.8471580505371,0.017966584242030723,0.01791159235712427
2025-09-25,252.72829161839874,256.6807646844572,251.2311452680336,256.3813171386719,55202100,0.01791159235712427,252.55661315917968,239.1636474609375,0.018205457602511695,-0.005504221127631377
2025-09-26,253.61660096533106,257.10994249251326,253.2972024297037,254.97401428222656,46076300,-0.005504221127631377,254.54482421875,240.30646896362305,0.018344353781942525,-0.0040401127374681736
2025-09-29,254.0757261912774,254.5148915782133,252.52867184357527,253.9459686279297,40127700,-0.0040401127374681736,254.2154541015625,241.41884841918946,0.018392738358762654,0.0007858061820065801
2025-09-30,254.37515755125318,255.4331385813304,252.6284867333586,254.14559936523438,37704300,0.0007858061820065801,254.25538024902343,242.6619789123535,0.018076928967587905,0.0032151674950933427
2025-10-01,254.55481135314994,258.29769267334166,254.44502000530687,254.9640350341797,48713900,0.0032151674950933427,254.88218688964844,243.5093635559082,0.016407656502982565,0.006555096245001334
2025-10-02,256.09186667190835,257.68882891050583,253.66649683440303,256.6408386230469,42630200,0.006555096245001334,254.93409118652343,244.37521362304688,0.016416464417588796,0.0034553030219053762
2025-10-03,254.18552630266564,258.7468246365968,253.46689477740222,257.5291442871094,49155600,0.0034553030219053762,255.4451171875,245.28997039794922,0.01639128275949577,-0.005168026032186899
2025-10-06,257.49917477533796,258.57713717661323,254.56478079871025,256.20166015625,44664100,-0.005168026032186899,255.89625549316406,246.2286804199219,0.01631272515470619,-0.0008183005676312295
2025-10-07,256.32145476920215,256.9103287268919,254.94407514023973,255.99209594726562,31955800,-0.0008183005676312295,256.2655548095703,247.33307647705078,0.015754041443388656,0.0061414329738929815
2025-10-08,256.03201279963565,258.0282082133661,255.62278908467795,257.569091796875,36496900,0.0061414329738929815,256.78656616210935,248.893603515625,0.013080638862053616,-0.01570052856314726
2025-10-09,257.3195337882977,257.50917476461467,252.65841993311406,253.55670166015625,38322000,-0.01570052856314726,256.16973876953125,250.09181900024413,0.01383666719918427,-0.035132010240949876
2025-10-10,254.45500785015722,255.8922708493858,243.53581752909898,244.80340576171875,61999100,-0.035132010240949876,253.6245910644531,250.6507537841797,0.01614467982004973,0.009697188915848344
2025-10-13,248.90558714178317,249.2149949644775,245.09284695690994,247.18885803222656,38142900,0.009697188915848344,251.82203063964843,251.19771194458008,0.016105486304516168,0.00044404353368307243
2025-10-14,246.13087266264282,248.37659224814226,244.23447809703134,247.29864501953125,35478000,0.00044404353368307243,250.08334045410157,251.67779693603515,0.016084114049293902,0.006316543897858392
2025-10-15,249.01538540478128,251.3409547309234,246.99922390992754,248.86566162109375,33893600,0.006316543897858392,248.3426544189453,252.19431228637694,0.016110336435998986,-0.00760886043856255
2025-10-16,247.77774448085987,248.56623493239263,244.66368465033412,246.97926330566406,39777000,-0.00760886043856255,247.02716674804688,252.67190246582032,0.016189052869358227,0.01937056750233797
2025-10-17,247.5481624372989,252.89796599708643,246.79958926324147,251.81002807617188,49147000,0.01937056750233797,248.4284912109375,253.01075592041016,0.015219850108244063,0.03868097494530444
2025-10-20,255.4032084113237,263.87706298772724,255.14370850365398,261.7411193847656,90483000,0.03868097494530444,251.3389434814453,253.31817092895508,0.014736589847410601,0.0020188933418115364
2025-10-21,261.3817895915523,264.7853058703715,261.3318664386604,262.27008056640625,46695900,0.0020188933418115364,254.3332305908203,253.7343765258789,0.014626406169585746,-0.016576702058946933
2025-10-22,262.15033525743416,262.349966966352,254.94406918261987,257.9583435058594,45015300,-0.016576702058946933,256.1517669677734,254.04079360961913,0.015030824184842785,0.004362523603168023
2025-10-23,259.4454820834593,260.12418111371363,257.51916110368444,259.0861511230469,32754900,0.004362523603168023,258.57314453125,254.1760353088379,0.014535243234604898,0.012404640585310558
2025-10-24,260.69313376057823,263.62754335723145,258.68694768993146,262.3200378417969,38253700,0.012404640585310558,260.675146484375,254.5433364868164,0.01469504026095623,0.022535316635468854
2025-10-27,264.37609822840903,268.60802232244004,264.1465248140549,268.2986145019531,44888200,0.022535316635468854,261.9866455078125,255.26096878051757,0.015361711412031005,0.0007065606505676427
2025-10-28,268.4782600095115,269.3765722048576,267.63986169210665,268.4882507324219,41534800,0.0007065606505676427,263.23027954101565,255.97810134887695,0.01536225463132943,0.0025988547161788934
2025-10-29,268.76770579477784,270.8936584399069,266.6018207191691,269.1869201660156,51086700,0.0025988547161788934,265.4759948730469,256.6892456054687,0.015361879986955268,0.006283446827328092
2025-10-30,271.4725408872279,273.6184749716116,267.969239224885,270.8836669921875,69886500,0.006283446827328092,267.835498046875,257.4013870239258,0.015358424936341625,-0.003802262344922466
2025-10-31,276.4630533049319,276.79244258078194,268.647962249571,269.85565185546875,86167100,-0.003802262344922466,269.3426208496094,258.01771240234376,0.015425247663293439,-0.004894215035782787
2025-11-03,269.90556627002525,270.33474092754267,265.74348587775046,268.53814697265625,50194600,-0.004894215035782787,269.39052734375,258.63453674316406,0.015418355361540162,0.003672905070218473
2025-11-04,267.8195068636227,270.9734988318123,267.11086611942017,269.5262756347656,49274800,0.003672905070218473,269.59813232421874,259.3112457275391,0.015402458343938295,0.00037029605711407865
2025-11-05,268.0989800730272,271.18312844251227,266.4221834255846,269.6260986328125,43683100,0.00037029605711407865,269.68596801757815,259.9140960693359,0.01538619657974956,-0.0013707015250657905
2025-11-06,267.38037702601645,272.8798740142925,267.38037702601645,269.25677490234375,51204000,-0.0013707015250657905,269.3605895996094,260.6990997314453,0.01482798658964902,-0.004830527423589156
2025-11-07,269.28671541495146,271.7719991063764,266.26248096015127,267.9592590332031,48227400,-0.004830527423589156,268.98131103515624,261.85689239501954,0.012005779607739903,0.004538407434672484
2025-11-10,268.7085692371889,273.4741297822401,267.20997142836535,269.1781311035156,41312400,0.004538407434672484,269.10930786132815,262.956356048584,0.011943930315555407,0.02137110593244862
2025-11-11,269.55775905965567,275.65206242273547,269.5477586519058,274.99267578125,46208300,0.02137110593244862,270.202587890625,264.34105758666993,0.012495851838445544,-0.006487791833362907
2025-11-12,274.74292397164845,275.4722525277038,271.4460210796085,273.21435546875,48398000,-0.006487791833362907,270.9202392578125,265.55849227905276,0.01276650692430771,-0.0019032501358421112
2025-11-13,273.85374352181776,276.4413491841305,271.83564282199285,272.6948547363281,49602800,-0.0019032501358421112,271.60785522460935,266.8442718505859,0.01253947883849895,-0.0019804359095259394
2025-11-14,270.7965900477885,275.70200347225597,269.3479639093673,272.15533447265625,47431300,-0.0019804359095259394,272.4470703125,267.86153717041014,0.012150203984342132,-0.018338265985077234
2025-11-17,268.5687054184609,270.2371271729127,265.48159771217263,267.2099609375,45018300,-0.018338265985077234,272.0534362792969,268.1349792480469,0.01006678877550012,-7.469497556412872e-05
2025-11-18,269.7376065335732,270.4569347049811,265.0719890725528,267.19000244140625,45677300,-7.469497556412872e-05,270.49290161132814,268.3809753417969,0.010066892771249537,0.004179013490990589
2025-11-19,265.2817633125939,271.9555110777923,265.2517925781922,268.3089294433594,40424500,0.004179013490990589,269.51181640625,268.89850463867185,0.009199732415117408,-0.008638599469070626
2025-11-20,270.5768036466949,275.17250947675234,265.67142054546326,266.0010986328125,45823600,-0.008638599469070626,268.1730651855469,269.24425201416017,0.009476720518925506,0.01948949882234899
2025-11-21,265.70137680880595,273.0744516711978,265.4216397990326,271.2361755371094,59030800,0.01948949882234899,267.9892333984375,269.69005889892577,0.010029301079468492,0.01618582582601152
2025-11-24,270.64675212306133,276.7410558404627,270.64675212306133,275.6620788574219,65585800,0.01618582582601152,269.6796569824219,270.05823211669923,0.00941582749424069,0.003798202195763628
2025-11-25,275.012667049666,280.1179060838009,274.9926967216935,276.7110900878906,46914200,0.003798202195763628,271.58387451171876,270.46937408447263,0.009430010515479887,0.00209182590417099
2025-11-26,276.70108254872224,279.26868736786383,276.3714044558947,277.29052734375,33431400,0.00209182590417099,273.38019409179685,270.8745544433594,0.009427605735725854,0.004672952133414649
2025-11-28,277.0008150112318,278.73917862681736,275.73198274965245,278.5893249511719,20135600,0.004672952133414649,275.89783935546876,271.2598373413086,0.00939125302303594,0.015126209461309542
2025-12-01,277.75011957449965,283.1550658399818,275.88187257202503,282.8353576660156,46587700,0.015126209461309542,278.21767578125,271.90882263183596,0.00978466759473414,0.010855683796743168
2025-12-02,282.7354345985028,287.1313151163589,282.36578537497866,285.9224548339844,53669500,0.010855683796743168,280.2697509765625,272.77803802490234,0.009804818220146196,-0.007153633631999635
2025-12-03,285.9324708384744,288.35019153510143,283.0351573834178,283.8843688964844,43538700,-0.007153633631999635,281.70440673828125,273.4959426879883,0.010068948187341865,-0.012215793279375341
2025-12-04,283.83440686502166,284.46382276925783,278.32954829392816,280.4375915527344,43989100,-0.012215793279375341,282.3338195800781,274.03651733398436,0.010594889164941536,-0.006863570983802831
2025-12-05,280.27774306596746,280.8771882481053,277.79005013345267,278.5193786621094,47265800,-0.006863570983802831,282.3198303222656,274.49964752197263,0.010755899943693263,-0.003197560218945108
2025-12-08,277.86998437615557,279.4085531850005,275.8918244790692,277.6302185058594,38211800,-0.003197560218945108,281.2788024902344,274.98319549560546,0.010709887972814233,-0.0025582890023414006
2025-12-09,277.8999627322321,279.7682096639769,276.6611317163261,276.9208679199219,32193300,-0.0025582890023414006,279.4784851074219,275.3703323364258,0.01073097651277849,0.005755849221286536
2025-12-10,277.490342786908,279.48847306800184,276.1815698919154,278.5193786621094,33038300,0.005755849221286536,278.4054870605469,275.5466674804687,0.009723599941404882,-0.0026939160410902646
2025-12-11,278.83908758708685,279.3286197507982,273.5540244422053,277.77008056640625,33248000,-0.0026939160410902646,277.8719848632812,275.7744537353516,0.009613671690822062,0.0008988517870461178
2025-12-12,277.64021728323,278.9589906850317,276.5612402656973,278.0198669433594,39532900,0.0008988517870461178,277.77208251953124,276.04070434570315,0.009592184643852563,-0.015098445975886323
2025-12-15,279.8880911943856,279.8880911943856,272.5849275039148,273.8537292480469,50409100,-0.015098445975886323,277.01678466796875,276.12562408447263,0.01023152011714411,0.0018224589395023538
2025-12-16,272.5649667835892,275.2424541197232,271.53593087885605,274.353271484375,37648600,0.0018224589395023538,276.5032653808594,276.48278961181643,0.009242807771703066,-0.010138194827446007
2025-12-17,274.75292651919426,275.90184538512057,271.38608172110213,271.58587646484375,50138700,-0.010138194827446007,275.11656494140624,276.7025833129883,0.009590081281189015,0.001286685099730744
2025-12-18,273.35420232069225,273.374203136776,266.7004552212896,271.935546875,51630700,0.001286685099730744,273.949658203125,276.8839141845703,0.009558453010645939,0.005422726861126484
2025-12-19,271.8955859651445,274.34330788170604,269.64768928264715,273.4141845703125,144632000,0.005422726861126484,273.0285217285156,277.2545684814453,0.00935254590573262,-0.009915011500959322
2025-12-22,272.6048920133635,273.62395794129594,270.25711338978425,270.7166748046875,36571800,-0.009915011500959322,272.40111083984374,277.22859344482424,0.008638935926180114,0.005116613877828172
2025-12-23,270.5868091030317,272.2452609569047,269.30800689497966,272.1053771972656,29642000,0.005116613877828172,271.9515319824219,277.0507583618164,0.007860438398297986,0.0053096944255422995
2025-12-24,272.085389177814,275.17249671786806,271.9455359163183,273.55401611328125,17910600,0.0053096944255422995,272.34515991210935,276.8929046630859,0.007912543361938296,-0.0014984751785940306
2025-12-26,273.9037084592662,275.1125687682936,272.6049054553,273.1444091796875,21521800,-0.0014984751785940306,272.58693237304686,276.6855987548828,0.007889579617054063,0.0013159470067161956
2025-12-29,272.4350823114352,274.10350406329195,272.0954038139857,273.50408935546875,23715200,0.0013159470067161956,272.60491333007815,276.4313369750977,0.0078032997110493146,-0.0024870835251959533
2025-12-30,272.5549704076282,273.82377221524894,272.02546707967076,272.82470703125,22139600,-0.0024870835251959533,273.0265197753906,275.93080444335936,0.006830129460425832,-0.004477611054965066
2025-12-31,272.80472532736104,273.42414083736213,271.49595243002375,271.6058349609375,27293600,-0.004477611054965066,272.926611328125,275.21497344970703,0.006162518691470342,-0.003131421666977736
2026-01-02,272.0054842546519,277.58025431004916,268.7485221479618,270.75665283203125,37838100,-0.003131421666977736,272.367138671875,274.5585876464844,0.006069943714292897,-0.013933738517613961
2026-01-05,270.38700744645297,271.25618925068443,265.89121426121545,267.0101623535156,45647200,-0.013933738517613961,271.1402893066406,273.88721618652346,0.006226776376046919,-0.018504465279846907
2026-01-06,266.7503924619391,267.2998660934885,261.8749496989937,262.1147155761719,52352100,-0.018504465279846907,268.86241455078124,273.0669830322266,0.007138103052924419,-0.007767566996107173
2026-01-07,262.95395138764474,263.4334831315393,259.56710600115036,260.08660888671875,48309800,-0.007767566996107173,266.314794921875,272.1898025512695,0.007216289482210837,-0.004967425592754203
2026-01-08,256.7797203952787,259.0476178563403,255.46096229095477,258.7978515625,50419300,-0.004967425592754203,263.7531982421875,271.2836517333984,0.007223996516576879,0.0012730846985475868
2026-01-09,258.8377955175017,259.9667440583015,255.98048371428257,259.1275329589844,39997000,0.0012730846985475868,261.4273742675781,270.3140594482422,0.006991277244784939,0.0033871074933367975
2026-01-12,258.9177364764393,261.05572011368304,256.5599267903311,260.0067138671875,45263800,0.0033871074933367975,260.0266845703125,269.42589111328124,0.007163256628262676,0.003069147713342097
2026-01-13,258.4781303943212,261.56523797230057,258.148452318208,260.8059387207031,45730800,0.003069147713342097,259.7649291992187,268.56519470214846,0.007246238825095642,-0.004184101371076401
2026-01-14,259.247418118488,261.57525710051715,256.4700180914029,259.71697998046875,40019400,-0.004184101371076401,259.6910034179688,267.85835723876954,0.0066924904859447035,-0.006754637533752875
2026-01-15,260.40631875644857,260.7959687899761,256.8096782083212,257.9685974121094,39388600,-0.006754637533752875,259.5251525878906,267.03912353515625,0.006665561857940438,-0.010433311478838362
2026-01-16,257.6589020182799,258.6579671912775,254.69167723491495,255.29112243652344,72142800,-0.010433311478838362,258.75787048339845,266.22438583374026,0.006682317323331929,-0.035166801688047915
2026-01-20,252.49373739571587,254.55180921698133,243.19244305608962,246.46937561035156,80267500,-0.035166801688047915,256.05040283203124,264.9510772705078,0.009710189300481611,0.003843435636429064
2026-01-21,248.46750904444812,251.3248360900433,244.9507953165175,247.41848754882812,54641700,0.003843435636429064,253.37291259765624,263.6512924194336,0.009627756810341545,0.002822624697434856
2026-01-22,248.96703988447874,250.76536025794266,247.9180183962477,248.1178436279297,39708300,0.002822624697434856,251.05308532714844,262.5213508605957,0.009706170391535223,-0.001249069268077672
2026-01-23,247.08880782235642,249.17685039145397,244.45126111041233,247.80812072753906,41689000,-0.001249069268077672,249.02098999023437,261.3064880371094,0.009480868427479318,0.029280086238765112
2026-01-26,251.24490015634893,256.32015295784896,249.5664780183616,255.17123413085938,55969200,0.029280086238765112,248.99701232910155,260.3873489379883,0.011992230665770615,0.011135349261250545
2026-01-27,258.92771692213245,261.70511669708895,257.96859246831417,258.0285339355469,49648300,0.011135349261250545,251.30884399414063,259.6315551757813,0.012426869264021992,-0.007110666301096413
2026-01-28,257.409147241713,258.61800761819165,254.27208306792676,256.2002868652344,41288000,-0.007110666301096413,253.06520385742186,258.76636505126953,0.012421163799894967,0.00714945879943628
2026-01-29,257.75880668092503,259.4072580677027,254.17216647920577,258.0385437011719,67253000,0.00714945879943628,255.04934387207032,258.0270568847656,0.012638055592156191,0.004635379456155208
2026-01-30,254.93144331105526,261.6551472598355,251.94423313215475,259.2374267578125,92443400,0.004635379456155208,257.335205078125,257.40863647460935,0.012737743345160408,0.039779426403429755
2026-02-02,259.7869174093499,270.2371306501278,258.9676766447768,269.7575988769531,73913400,0.039779426403429755,260.2524780273437,257.35868377685546,0.015833473528221842,-0.0019648412969745957
2026-02-03,268.9483513556569,271.6258386480508,267.3598109321867,269.22808837890625,64394700,-0.0019648412969745957,262.4923889160156,257.469580078125,0.01550933865579339,0.0256803727265563
2026-02-04,272.03545112075,278.68922850453845,272.03545112075,276.23150634765625,90545700,0.0256803727265563,266.4986328125,258.17541961669923,0.015816634807614027,-0.0020998540074744607
2026-02-05,277.86999494352693,279.2387093202658,272.97458180817284,275.6520690917969,52977400,-0.0020998540074744607,270.021337890625,258.9536926269531,0.015670773645178552,0.007977885766246336
2026-02-06,276.8609202349588,280.6473855638201,276.67109542368036,277.8599853515625,50453400,0.007977885766246336,273.745849609375,259.90679931640625,0.015595609636211018,-0.011729030888589332
2026-02-09,277.9100036621094,278.20001220703125,271.70001220703125,274.6199951171875,44623400,-0.011729030888589332,274.71832885742185,260.6814224243164,0.01596235796334341,-0.0034287922059860762
2026-02-10,274.8900146484375,275.3699951171875,272.94000244140625,273.67999267578125,34376900,-0.0034287922059860762,275.60870971679685,261.3650863647461,0.01602412719847947,0.006628114685600525
2026-02-11,274.70001220703125,280.17999267578125,274.45001220703125,275.5,51931300,0.006628114685600525,275.4624084472656,262.09978942871095,0.01604978911515337,-0.051274148572826785
2026-02-12,275.5899963378906,275.7200012207031,260.17999267578125,261.7300109863281,81077200,-0.051274148572826785,272.67799682617186,262.20044097900393,0.02006972353194128,-0.022995784787441406
2026-02-13,262.010009765625,262.2300109863281,255.4499969482422,255.77999877929688,56290700,-0.022995784787441406,268.2619995117187,262.0910110473633,0.020692757765516843,0.03117677762588167
2026-02-17,258.04998779296875,266.2900085449219,255.5399932861328,263.8800048828125,58469100,0.03117677762588167,266.11400146484374,262.52045516967775,0.02170087827950076,0.0017795329116435036
2026-02-18,263.6000061035156,266.82000732421875,262.45001220703125,264.3500061035156,34203300,0.0017795329116435036,264.2480041503906,263.41448669433595,0.01989920697214632,-0.0143641415256223
2026-02-19,262.6000061035156,264.4800109863281,260.04998779296875,260.5799865722656,30845300,-0.0143641415256223,261.2640014648438,264.0725616455078,0.020295306886058,0.015233748038497256
2026-02-20,258.9700012207031,264.75,258.1600036621094,264.5799865722656,42070500,0.015233748038497256,261.83399658203126,264.8956687927246,0.02049154255157331,0.006029131859271349
2026-02-23,263.489990234375,269.42999267578125,263.3800048828125,266.17999267578125,37308200,0.006029131859271349,263.91399536132815,265.8142623901367,0.020472767062058226,0.022143949447182894
2026-02-24,267.8599853515625,274.8900146484375,267.7099914550781,272.1400146484375,47014600,0.022143949447182894,265.5659973144531,266.66270141601564,0.020059215867311762,0.007650516806739749
2026-02-25,271.7799987792969,274.94000244140625,271.04998779296875,274.2300109863281,33714300,0.007650516806739749,267.5419982910156,267.4727752685547,0.02000188660377245,-0.004678537445938535
2026-02-26,274.95001220703125,276.1099853515625,270.79998779296875,272.95001220703125,32345100,-0.004678537445938535,270.01600341796876,268.31026153564454,0.01994420416767355,-0.03265801167898957
2026-02-27,272.80999755859375,272.80999755859375,262.8900146484375,264.17999267578125,72366500,-0.03265801167898957,269.9360046386719,268.617333984375,0.021454911019186697,0.0020420069532886102
2026-03-02,262.4100036621094,266.5299987792969,260.20001220703125,264.7200012207031,41827900,0.0020420069532886102,269.6440063476563,268.8914627075195,0.021440735641221252,-0.0036709834343797076
2026-03-03,263.4800109863281,265.55999755859375,260.1300048828125,263.75,38568900,-0.0036709834343797076,267.96600341796875,268.59108276367186,0.01941514413272413,-0.004674457034245198
2026-03-04,264.6499938964844,266.1499938964844,261.4200134277344,262.5199890136719,39803100,-0.004674457034245198,265.6239990234375,268.2556777954102,0.019430752671013324,-0.008530800875914566
2026-03-05,260.7900085449219,261.55999755859375,257.25,260.2900085449219,49658600,-0.008530800875914566,263.0919982910156,267.45860290527344,0.01841335472871081,-0.01093209183794695
2026-03-06,258.6300048828125,258.7699890136719,254.3699951171875,257.4599914550781,41120000,-0.01093209183794695,261.747998046875,266.5489990234375,0.018497055917780197,0.009355669758880348
2026-03-09,255.69000244140625,261.1499938964844,253.67999267578125,259.8800048828125,38218500,0.009355669758880348,260.7799987792969,265.65,0.018544220680088135,0.00364879782998301
2026-03-10,257.6499938964844,262.4800109863281,256.95001220703125,260.8299865722656,30590800,0.00364879782998301,260.19599609375,264.9604995727539,0.01849703751934569,-7.663911620952738e-05
2026-03-11,261.0899963378906,262.1300048828125,259.54998779296875,260.80999755859375,26218900,-7.663911620952738e-05,259.8539978027344,264.3169998168945,0.018504089278024893,-0.019552680241045003
2026-03-12,258.6600036621094,258.95001220703125,254.17999267578125,255.75999450683594,40794000,-0.019552680241045003,258.9479949951172,263.32999954223635,0.018755522452794108,-0.022298700096560726
2026-03-13,255.47999572753906,256.3299865722656,249.52000427246094,250.1199951171875,36930000,-0.022298700096560726,257.47999572753906,262.7494987487793,0.015770166364099676,0.01073701886028607
2026-03-16,252.11000061035156,253.88999938964844,249.8800048828125,252.82000732421875,32074200,0.01073701886028607,256.0679962158203,262.6014991760254,0.015231376855122164,0.005561550258065924
2026-03-17,252.9600067138672,255.1300048828125,252.17999267578125,254.22999572753906,32361600,0.005561550258065924,254.747998046875,262.1189987182617,0.01338541726255841,-0.01701845346996249
2026-03-18,252.6300048828125,254.94000244140625,249.0,249.94000244140625,35757900,-0.01701845346996249,252.5739990234375,261.39849853515625,0.013770638467386399,-0.003928630867926254
2026-03-19,249.39999389648438,251.8300018310547,247.3000030517578,248.9600067138672,34864100,-0.003928630867926254,251.21400146484376,260.8174995422363,0.013504646483565546,-0.0039038230355726406
2026-03-20,247.97999572753906,249.1999969482422,246.0,247.99000549316406,88331100,-0.0039038230355726406,250.78800354003906,259.9880004882813,0.012860984411901876,0.014014804238242614
2026-03-23,253.97000122070312,254.60000610351562,250.27999877929688,251.49000549316406,40546100,0.014014804238242614,250.52200317382812,259.2535011291504,0.013280933295224957,0.0005962431159833461
2026-03-24,250.35000610351562,254.8300018310547,249.5500030517578,251.63999938964844,45152300,0.0005962431159833461,250.00400390625,258.22850036621094,0.011955490217193885,0.0038868717408098437
2026-03-25,254.10000610351562,255.0,251.60000610351562,252.6199951171875,28476700,0.0038868717408098437,250.54000244140624,257.1479995727539,0.011792358093753912,0.001068245142811088
2026-03-26,252.1199951171875,257.0,250.77000427246094,252.88999938964844,41796700,0.001068245142811088,251.3260009765625,256.14499893188474,0.011847508546093186,-0.01630523602902272
2026-03-27,253.89999389648438,255.49000549316406,248.07000732421875,248.8000030517578,47900000,-0.01630523602902272,251.48800048828124,255.3759994506836,0.01020236667530719,-0.008760115500651625
2026-03-30,250.07000732421875,250.8699951171875,245.50999450683594,246.6300048828125,39446200,-0.008760115500651625,250.51600036621093,254.47149963378905,0.010207377225215546,0.028617869316112193
2026-03-31,247.91000366210938,255.47999572753906,247.10000610351562,253.7899932861328,49598100,0.028617869316112193,250.9459991455078,253.9734992980957,0.012484832446120812,0.0072239786626750405
2026-04-01,254.0800018310547,256.17999267578125,253.3300018310547,255.6300048828125,40059400,0.0072239786626750405,251.54800109863282,253.62900009155274,0.012629557990384642,0.0011337828774017462
2026-04-02,254.1999969482422,256.1300048828125,250.64999389648438,255.9199981689453,31289400,0.0011337828774017462,252.15400085449218,253.4104995727539,0.012523984782240203,0.011422429939559263
2026-04-06,256.510009765625,262.1600036621094,256.4599914550781,258.8599853515625,29329900,0.011422429939559263,254.16599731445314,253.48049926757812,0.012573946304374205,-0.02092349539479067
2026-04-07,256.1600036621094,256.20001220703125,245.6999969482422,253.5,62148000,-0.02092349539479067,255.5399963378906,253.1614990234375,0.013228401342266357,0.021078040151454248
2026-04-08,258.45001220703125,259.75,256.5299987792969,258.8999938964844,41032800,0.021078040151454248,256.56199645996094,253.06499938964845,0.014112191458604472,0.006122572068527736
2026-04-09,259.0,261.1199951171875,256.07000732421875,260.489990234375,28121600,0.006122572068527736,257.53399353027345,253.0489990234375,0.014186887252422582,-3.8310259802688224e-05
2026-04-10,259.9800109863281,262.19000244140625,259.0199890136719,260.4800109863281,31291500,-3.8310259802688224e-05,258.44599609375,253.2849998474121,0.013426480304513929,-0.004926113418270593
